category,level,hp,reward,cost,damage,dps,ttd_seconds,notes
enemy,1,18,4,0,0,0,0.00,zone=1
enemy,2,21,5,0,0,0,0.00,zone=1
enemy,3,25,5,0,0,0,0.00,zone=1
enemy,4,29,6,0,0,0,0.00,zone=1
enemy,5,34,7,0,0,0,0.00,zone=1 boss
enemy_boss,5,680,105,0,0,0,0.00,zone=1
enemy,6,55,10,0,0,0,0.00,zone=2
enemy,7,65,11,0,0,0,0.00,zone=2
enemy,8,75,12,0,0,0,0.00,zone=2
enemy,9,87,13,0,0,0,0.00,zone=2
enemy,10,101,15,0,0,0,0.00,zone=2 boss
enemy_boss,10,2020,225,0,0,0,0.00,zone=2
enemy,11,158,21,0,0,0,0.00,zone=3
enemy,12,185,24,0,0,0,0.00,zone=3
enemy,13,215,26,0,0,0,0.00,zone=3
enemy,14,251,29,0,0,0,0.00,zone=3
enemy,15,291,33,0,0,0,0.00,zone=3 boss
enemy_boss,15,5820,495,0,0,0,0.00,zone=3
enemy,16,445,47,0,0,0,0.00,zone=4
enemy,17,520,51,0,0,0,0.00,zone=4
enemy,18,605,58,0,0,0,0.00,zone=4
enemy,19,705,64,0,0,0,0.00,zone=4
enemy,20,820,71,0,0,0,0.00,zone=4 boss
enemy_boss,20,16400,1065,0,0,0,0.00,zone=4
enemy,25,2253,154,0,0,0,0.00,zone=5 boss
enemy_boss,25,45060,2310,0,0,0,0.00,zone=5
enemy,30,5436,292,0,0,0,0.00,zone=6 boss
enemy_boss,30,108720,4380,0,0,0,0.00,zone=6
enemy,35,13604,584,0,0,0,0.00,zone=7 boss
enemy_boss,35,272080,8760,0,0,0,0.00,zone=7
enemy,40,35445,1204,0,0,0,0.00,zone=8 boss
enemy_boss,40,708900,18060,0,0,0,0.00,zone=8
enemy,45,93965,2507,0,0,0,0.00,zone=9 boss
enemy_boss,45,1879300,37605,0,0,0,0.00,zone=9
enemy,50,246454,5140,0,0,0,0.00,zone=10 boss
enemy_boss,50,4929080,77100,0,0,0,0.00,zone=10
enemy,60,1636163,21420,0,0,0,0.00,zone=12 boss
enemy_boss,60,32723260,321300,0,0,0,0.00,zone=12
enemy,70,10386115,85551,0,0,0,0.00,zone=14 boss
enemy_boss,70,207722300,1283265,0,0,0,0.00,zone=14
enemy,80,63462429,330084,0,0,0,0.00,zone=16 boss
enemy_boss,80,1269248580,4951260,0,0,0,0.00,zone=16
enemy,90,375768513,1231855,0,0,0,0.00,zone=18 boss
enemy_boss,90,7515370260,18477825,0,0,0,0.00,zone=18
enemy,100,2168137759,4482177,0,0,0,0.00,zone=20 boss
enemy_boss,100,43362755180,67232655,0,0,0,0.00,zone=20
enemy,110,305350314,568880,0,0,0,0.00,zone=1 boss
enemy_boss,110,6107006280,8533200,0,0,0,0.00,zone=1
enemy,120,2671844781,2872224,0,0,0,0.00,zone=3 boss
enemy_boss,120,53436895620,43083360,0,0,0,0.00,zone=3
enemy,130,20723678928,14049989,0,0,0,0.00,zone=5 boss
enemy_boss,130,414473578560,210749835,0,0,0,0.00,zone=5
enemy,140,125263753424,53649918,0,0,0,0.00,zone=7 boss
enemy_boss,140,2505275068480,804748770,0,0,0,0.00,zone=7
enemy,150,865318389869,230154028,0,0,0,0.00,zone=9 boss
enemy_boss,150,17306367797380,3452310420,0,0,0,0.00,zone=9
hero,1,0,0,5,2,0,0.00,ms_mult=1
hero,2,0,0,6,3,0,0.00,ms_mult=1
hero,3,0,0,6,4,0,0.00,ms_mult=1
hero,4,0,0,7,5,0,0.00,ms_mult=1
hero,5,0,0,7,6,0,0.00,ms_mult=1
hero,6,0,0,8,7,0,0.00,ms_mult=1
hero,7,0,0,8,8,0,0.00,ms_mult=1
hero,8,0,0,9,9,0,0.00,ms_mult=1
hero,9,0,0,30,10,0,0.00,ms_mult=1
hero,10,0,0,10,22,0,0.00,ms_mult=2
hero,11,0,0,11,24,0,0.00,ms_mult=2
hero,12,0,0,12,26,0,0.00,ms_mult=2
hero,13,0,0,13,28,0,0.00,ms_mult=2
hero,14,0,0,14,30,0,0.00,ms_mult=2
hero,15,0,0,15,32,0,0.00,ms_mult=2
hero,16,0,0,16,34,0,0.00,ms_mult=2
hero,17,0,0,18,36,0,0.00,ms_mult=2
hero,18,0,0,19,38,0,0.00,ms_mult=2
hero,19,0,0,20,40,0,0.00,ms_mult=2
hero,20,0,0,22,42,0,0.00,ms_mult=2
hero,25,0,0,32,104,0,0.00,ms_mult=4
hero,50,0,0,218,408,0,0.00,ms_mult=8
hero,75,0,0,1488,608,0,0.00,ms_mult=8
hero,100,0,0,10185,1616,0,0.00,ms_mult=16
hero,150,0,0,4590331,2416,0,0.00,ms_mult=16
hero,200,0,0,2069026942,3216,0,0.00,ms_mult=16
hero,250,0,0,932584772844,8032,0,0.00,ms_mult=32
hero,300,0,0,420349460376359,9632,0,0.00,ms_mult=32
hero,350,0,0,189466602912576608,11232,0,0.00,ms_mult=32
hero,400,0,0,9000000000000000000,12832,0,0.00,ms_mult=32
hero,450,0,0,9000000000000000000,14432,0,0.00,ms_mult=32
hero,500,0,0,9000000000000000000,32064,0,0.00,ms_mult=64
partner_static,1,0,0,35,0,4,0.00,partner_name=Partner 1 base_cost=35 cost_at_10=294 cost_at_25=1596 cost_at_50=27096 cost_at_100=7830213 placeholder=false
partner_static,2,0,0,110,0,12,0.00,partner_name=Partner 2 base_cost=110 cost_at_10=918 cost_at_25=5010 cost_at_50=85155 cost_at_100=24609240 placeholder=false
partner_static,3,0,0,300,0,30,0.00,partner_name=Partner 3 base_cost=300 cost_at_10=2496 cost_at_25=13662 cost_at_50=232236 cost_at_100=67116108 placeholder=false
partner_static,4,0,0,750,0,70,0.00,partner_name=Field Scout base_cost=750 cost_at_10=6240 cost_at_25=34152 cost_at_50=580587 cost_at_100=167790267 placeholder=false
partner_static,5,0,0,1700,0,150,0.00,partner_name=Spear Guard base_cost=1700 cost_at_10=14145 cost_at_25=77412 cost_at_50=1315995 cost_at_100=380324604 placeholder=false
partner_static,6,0,0,3800,0,320,0.00,partner_name=Iron Defender base_cost=3800 cost_at_10=31614 cost_at_25=173037 cost_at_50=2941632 cost_at_100=850137348 placeholder=false
partner_static,7,0,0,8500,0,680,0.00,partner_name=Battle Monk base_cost=8500 cost_at_10=70716 cost_at_25=387057 cost_at_50=6579963 cost_at_100=1901623017 placeholder=false
partner_static,8,0,0,19000,0,1450,0.00,partner_name=Elite Samurai base_cost=19000 cost_at_10=158067 cost_at_25=865182 cost_at_50=14708148 cost_at_100=4250686740 placeholder=false
partner_static,9,0,0,43000,0,3100,0.00,partner_name=Shadow Captain base_cost=43000 cost_at_10=357729 cost_at_25=1958046 cost_at_50=33286860 cost_at_100=9619975251 placeholder=false
partner_static,10,0,0,96000,0,6600,0.00,partner_name=War Sage base_cost=96000 cost_at_10=798648 cost_at_25=4371447 cost_at_50=74314851 cost_at_100=21477154044 placeholder=false
partner_static,11,0,0,215000,0,14000,0.00,partner_name=Beast Tamer base_cost=215000 cost_at_10=1788636 cost_at_25=9790218 cost_at_50=166434297 cost_at_100=48099876246 placeholder=false
partner_static,12,0,0,480000,0,30000,0.00,partner_name=Blade Master base_cost=480000 cost_at_10=3993234 cost_at_25=21857226 cost_at_50=371574246 cost_at_100=107385770220 placeholder=false
partner_static,13,0,0,1050000,0,64000,0.00,partner_name=Legendary Commander base_cost=1050000 cost_at_10=8735199 cost_at_25=47812683 cost_at_50=812818659 cost_at_100=234906372357 placeholder=false
partner_static,14,0,0,2300000,0,136000,0.00,partner_name=Silent Ronin base_cost=2300000 cost_at_10=19134246 cost_at_25=104732541 cost_at_50=1780459920 cost_at_100=514556815638 placeholder=true
partner_static,15,0,0,5000000,0,290000,0.00,partner_name=Chakra Archer base_cost=5000000 cost_at_10=41596182 cost_at_25=227679435 cost_at_50=3870565044 cost_at_100=1118601773124 placeholder=true
partner_static,16,0,0,11000000,0,620000,0.00,partner_name=Sand Guardian base_cost=11000000 cost_at_10=91511601 cost_at_25=500894757 cost_at_50=8515243095 cost_at_100=2460923900874 placeholder=true
partner_static,17,0,0,24000000,0,1320000,0.00,partner_name=Mist Duelist base_cost=24000000 cost_at_10=199661673 cost_at_25=1092861285 cost_at_50=18578712204 cost_at_100=5369288510994 placeholder=true
partner_static,18,0,0,52000000,0,2800000,0.00,partner_name=Lightning Striker base_cost=52000000 cost_at_10=432600288 cost_at_25=2367866115 cost_at_50=40253876442 cost_at_100=11633458440483 placeholder=true
partner_static,19,0,0,115000000,0,6000000,0.00,partner_name=Puppet Tactician base_cost=115000000 cost_at_10=956712174 cost_at_25=5236626984 cost_at_50=89022995976 cost_at_100=25727840781837 placeholder=true
partner_static,20,0,0,250000000,0,12800000,0.00,partner_name=Seal Specialist base_cost=250000000 cost_at_10=2079809070 cost_at_25=11383971702 cost_at_50=193528252119 cost_at_100=55930088656164 placeholder=true
partner_static,21,0,0,550000000,0,27000000,0.00,partner_name=Medical Ninja base_cost=550000000 cost_at_10=4575579951 cost_at_25=25044737742 cost_at_50=425762154663 cost_at_100=123046195043559 placeholder=true
partner_static,22,0,0,1200000000,0,58000000,0.00,partner_name=Shadow Tracker base_cost=1200000000 cost_at_10=9983083527 cost_at_25=54643064166 cost_at_50=928935610170 cost_at_100=268464425549580 placeholder=true
partner_static,23,0,0,2600000000,0,123000000,0.00,partner_name=Summon Handler base_cost=2600000000 cost_at_10=21630014310 cost_at_25=118393305690 cost_at_50=2012693822031 cost_at_100=581672922024090 placeholder=true
partner_static,24,0,0,5700000000,0,260000000,0.00,partner_name=Barrier Keeper base_cost=5700000000 cost_at_10=47419646754 cost_at_25=259554554781 cost_at_50=4412444148300 cost_at_100=1275206021360499 placeholder=true
partner_static,25,0,0,12500000000,0,550000000,0.00,partner_name=War Strategist base_cost=12500000000 cost_at_10=103990453407 cost_at_25=569198585046 cost_at_50=9676412605917 cost_at_100=2796504432808113 placeholder=true
partner_static,26,0,0,27000000000,0,1160000000,0.00,partner_name=Sage Disciple base_cost=27000000000 cost_at_10=224619379356 cost_at_25=1229468943696 cost_at_50=20901051228777 cost_at_100=6040449574865520 placeholder=true
partner_static,27,0,0,59000000000,0,2450000000,0.00,partner_name=Anbu Captain base_cost=59000000000 cost_at_10=490834940070 cost_at_25=2686617321408 cost_at_50=45672667499922 cost_at_100=13199500922854284 placeholder=true
partner_static,28,0,0,130000000000,0,5200000000,0.00,partner_name=Legendary Sannin base_cost=130000000000 cost_at_10=1081500715407 cost_at_25=5919665284458 cost_at_50=100634691101520 cost_at_100=29083646101204356 placeholder=true
combat,1,18,4,0,2,0,1.50,boss_sec=30.0 feasible=true
combat,5,34,7,0,6,0,1.00,boss_sec=19.0 feasible=true
combat,10,101,15,0,22,0,0.83,boss_sec=15.3 feasible=true
combat,15,291,33,0,32,0,1.67,boss_sec=30.3 feasible=false
combat,20,820,71,0,42,0,3.33,boss_sec=65.2 feasible=false
combat,25,2253,154,0,104,0,3.67,boss_sec=72.3 feasible=false
combat,30,5436,292,0,124,0,7.33,boss_sec=146.2 feasible=false
combat,40,35445,1204,0,164,0,36.17,boss_sec=720.5 feasible=false
combat,50,246454,5140,0,408,0,100.83,boss_sec=2013.7 feasible=false
combat,75,25784829,168854,0,608,0,7068.33,boss_sec=141364.3 feasible=false
combat,100,2168137759,4482177,0,1616,0,223611.67,boss_sec=4472231.5 feasible=false
combat,150,865318389869,230154028,0,2416,0,59693597.67,boss_sec=1193871950.8 feasible=false
prestige_stage,50,0,1,0,0,0,0.00,stage_pts=1
prestige_stage,75,0,1,0,0,0,0.00,stage_pts=1
prestige_stage,100,0,2,0,0,0,0.00,stage_pts=2
prestige_stage,150,0,3,0,0,0,0.00,stage_pts=3
prestige_stage,200,0,4,0,0,0,0.00,stage_pts=4
prestige_char,50,0,0,0,0,0,0.00,char_pts=0
prestige_char,100,0,1,0,0,0,0.00,char_pts=1
prestige_char,200,0,2,0,0,0,0.00,char_pts=2
prestige_char,500,0,5,0,0,0,0.00,char_pts=5
simulation_active_6cps,1,18,4,0,2,12,1.50,profile_id=active_6cps sim_time=0 hero=1 gold=0 click_damage=2 manual_dps=12 partner_dps=0 ability_dps=0 total_dps=12 prestige_rwd=0 total_hero_purchases=0 total_partner_purchases=0 total_building_purchases=0 total_ability_purchases=0 total_skill_purchases=0 last_purchase=none ability_events=none
simulation_active_6cps,3,0,0,30,22,132,0.00,event=purchase profile_id=active_6cps sim_time=12 purchase_type=hero purchase_id=hero_level old_val=9 new_val=10 gold_after=9 hero_level=10 total_dps=132
simulation_active_6cps,3,0,0,10,28,168,0.00,event=purchase profile_id=active_6cps sim_time=14 purchase_type=hero purchase_id=hero_level old_val=10 new_val=11 gold_after=6 hero_level=13 total_dps=168
simulation_active_6cps,5,680,105,15,34,204,3.33,profile_id=active_6cps sim_time=16 hero=16 gold=39 click_damage=34 manual_dps=204 partner_dps=0 ability_dps=0 total_dps=204 prestige_rwd=0 total_hero_purchases=15 total_partner_purchases=0 total_building_purchases=0 total_ability_purchases=0 total_skill_purchases=0 last_purchase=hero#hero_level ability_events=none
simulation_active_6cps,6,0,0,120,72,432,0.00,event=purchase profile_id=active_6cps sim_time=19 purchase_type=hero_skill purchase_id=hero_click_damage_1 old_val=0 new_val=1 gold_after=8 hero_level=17 total_dps=432
simulation_active_6cps,6,0,0,20,88,528,0.00,event=purchase profile_id=active_6cps sim_time=20 purchase_type=hero purchase_id=hero_level old_val=19 new_val=20 gold_after=9 hero_level=21 total_dps=528
simulation_active_6cps,8,0,0,90,216,1296,0.00,event=purchase profile_id=active_6cps sim_time=22 purchase_type=hero purchase_id=hero_level old_val=24 new_val=25 gold_after=11 hero_level=26 total_dps=1296
simulation_active_6cps,10,2020,225,32,216,1296,1.56,profile_id=active_6cps sim_time=23 hero=26 gold=189 click_damage=216 manual_dps=1296 partner_dps=0 ability_dps=0 total_dps=1296 prestige_rwd=0 total_hero_purchases=25 total_partner_purchases=0 total_building_purchases=0 total_ability_purchases=0 total_skill_purchases=1 last_purchase=hero#hero_level ability_events=none
simulation_active_6cps,11,0,0,300,240,1440,0.00,event=purchase profile_id=active_6cps sim_time=25 purchase_type=ability purchase_id=autoclick old_val=0 new_val=1 gold_after=2 hero_level=29 total_dps=1440
simulation_active_6cps,11,0,0,40,240,1440,0.00,event=purchase profile_id=active_6cps sim_time=25 purchase_type=hero purchase_id=hero_level old_val=28 new_val=29 gold_after=2 hero_level=29 total_dps=1440
simulation_active_6cps,14,0,0,300,304,8820,0.00,event=purchase profile_id=active_6cps sim_time=26 purchase_type=ability_skill purchase_id=autoclick_rank_1 old_val=0 new_val=1 gold_after=1 hero_level=37 total_dps=8820
simulation_active_6cps,14,0,0,35,304,8820,0.00,event=purchase profile_id=active_6cps sim_time=26 purchase_type=partner purchase_id=partner_0 old_val=0 new_val=1 gold_after=1 hero_level=37 total_dps=8820
simulation_active_6cps,15,5820,495,35,304,8820,0.66,profile_id=active_6cps sim_time=26 hero=37 gold=204 click_damage=304 manual_dps=1824 partner_dps=4 ability_dps=6991 total_dps=8820 prestige_rwd=0 total_hero_purchases=36 total_partner_purchases=1 total_building_purchases=0 total_ability_purchases=1 total_skill_purchases=2 last_purchase=partner#partner_0 ability_events=none
simulation_active_6cps,16,0,0,110,360,10456,0.00,event=purchase profile_id=active_6cps sim_time=27 purchase_type=partner purchase_id=partner_1 old_val=0 new_val=1 gold_after=14 hero_level=44 total_dps=10456
simulation_active_6cps,18,0,0,900,368,11796,0.00,event=purchase profile_id=active_6cps sim_time=28 purchase_type=ability_skill purchase_id=autoclick_rank_2 old_val=0 new_val=1 gold_after=8 hero_level=45 total_dps=11796
simulation_active_6cps,18,0,0,137,368,11796,0.00,event=purchase profile_id=active_6cps sim_time=28 purchase_type=hero purchase_id=hero_level old_val=44 new_val=45 gold_after=8 hero_level=45 total_dps=11796
simulation_active_6cps,20,16400,1065,40,368,11796,1.39,profile_id=active_6cps sim_time=29 hero=45 gold=996 click_damage=368 manual_dps=2208 partner_dps=20 ability_dps=9568 total_dps=11796 prestige_rwd=0 total_hero_purchases=44 total_partner_purchases=3 total_building_purchases=0 total_ability_purchases=1 total_skill_purchases=3 last_purchase=partner#partner_0 ability_events=none
simulation_active_6cps,21,0,0,606,864,27672,0.00,event=purchase profile_id=active_6cps sim_time=30 purchase_type=hero purchase_id=hero_level old_val=49 new_val=50 gold_after=36 hero_level=53 total_dps=27672
simulation_active_6cps,21,0,0,44,864,27672,0.00,event=purchase profile_id=active_6cps sim_time=30 purchase_type=partner purchase_id=partner_0 old_val=2 new_val=3 gold_after=36 hero_level=53 total_dps=27672
simulation_active_6cps,24,0,0,469,1024,32854,0.00,event=purchase profile_id=active_6cps sim_time=32 purchase_type=hero purchase_id=hero_level old_val=60 new_val=61 gold_after=12 hero_level=63 total_dps=32854
simulation_active_6cps,24,0,0,300,1024,32854,0.00,event=purchase profile_id=active_6cps sim_time=32 purchase_type=partner purchase_id=partner_2 old_val=0 new_val=1 gold_after=12 hero_level=63 total_dps=32854
simulation_active_6cps,25,45060,2310,56,1024,32854,1.37,profile_id=active_6cps sim_time=32 hero=63 gold=150 click_damage=1024 manual_dps=6144 partner_dps=86 ability_dps=26624 total_dps=32854 prestige_rwd=0 total_hero_purchases=62 total_partner_purchases=9 total_building_purchases=0 total_ability_purchases=1 total_skill_purchases=3 last_purchase=partner#partner_0 ability_events=none
simulation_active_6cps,26,0,0,2100,1024,35956,0.00,event=purchase profile_id=active_6cps sim_time=33 purchase_type=ability_skill purchase_id=autoclick_rank_3 old_val=0 new_val=1 gold_after=23 hero_level=63 total_dps=35956
simulation_active_6cps,27,0,0,630,1034,36422,0.00,event=purchase profile_id=active_6cps sim_time=34 purchase_type=hero_skill purchase_id=hero_partner_dps_1 old_val=0 new_val=1 gold_after=15 hero_level=63 total_dps=36422
simulation_active_6cps,27,0,0,1200,1034,36422,0.00,event=purchase profile_id=active_6cps sim_time=34 purchase_type=ability purchase_id=gold_bonus old_val=0 new_val=1 gold_after=15 hero_level=63 total_dps=36422
simulation_active_6cps,27,0,0,500,1034,36422,0.00,event=purchase profile_id=active_6cps sim_time=34 purchase_type=building purchase_id=building_2 old_val=0 new_val=1 gold_after=15 hero_level=63 total_dps=36422
simulation_active_6cps,28,0,0,1200,1115,39273,0.00,event=purchase profile_id=active_6cps sim_time=35 purchase_type=ability_skill purchase_id=gold_bonus_rank_1 old_val=0 new_val=1 gold_after=9 hero_level=68 total_dps=39273
simulation_active_6cps,29,0,0,5000,1115,39341,0.00,event=purchase profile_id=active_6cps sim_time=37 purchase_type=ability purchase_id=focus_burst old_val=0 new_val=1 gold_after=53 hero_level=68 total_dps=39341
simulation_active_6cps,29,0,0,377,1115,39341,0.00,event=purchase profile_id=active_6cps sim_time=37 purchase_type=partner purchase_id=partner_2 old_val=2 new_val=3 gold_after=53 hero_level=68 total_dps=39341
simulation_active_6cps,30,108720,4380,78,2230,78366,1.39,profile_id=active_6cps sim_time=37 hero=68 gold=4211 click_damage=2230 manual_dps=13380 partner_dps=316 ability_dps=64670 total_dps=78366 prestige_rwd=0 total_hero_purchases=67 total_partner_purchases=14 total_building_purchases=1 total_ability_purchases=3 total_skill_purchases=6 last_purchase=partner#partner_0 ability_events=use_focus_burst
simulation_active_6cps,31,0,0,5000,2808,98652,0.00,event=purchase profile_id=active_6cps sim_time=39 purchase_type=ability_skill purchase_id=focus_burst_rank_1 old_val=0 new_val=1 gold_after=18 hero_level=74 total_dps=98652
simulation_active_6cps,31,0,0,610,2808,98652,0.00,event=purchase profile_id=active_6cps sim_time=39 purchase_type=building purchase_id=building_2 old_val=1 new_val=2 gold_after=18 hero_level=74 total_dps=98652
simulation_active_6cps,31,0,0,745,2808,98652,0.00,event=purchase profile_id=active_6cps sim_time=39 purchase_type=building purchase_id=building_2 old_val=2 new_val=3 gold_after=18 hero_level=74 total_dps=98652
simulation_active_6cps,31,0,0,908,2808,98652,0.00,event=purchase profile_id=active_6cps sim_time=39 purchase_type=building purchase_id=building_2 old_val=3 new_val=4 gold_after=18 hero_level=74 total_dps=98652
simulation_active_6cps,32,0,0,500,3538,21736,0.00,event=purchase profile_id=active_6cps sim_time=40 purchase_type=building purchase_id=building_3 old_val=0 new_val=1 gold_after=33 hero_level=77 total_dps=21736
simulation_active_6cps,32,0,0,500,3538,21736,0.00,event=purchase profile_id=active_6cps sim_time=40 purchase_type=building purchase_id=building_4 old_val=0 new_val=1 gold_after=33 hero_level=77 total_dps=21736
simulation_active_6cps,32,0,0,1108,3538,21736,0.00,event=purchase profile_id=active_6cps sim_time=40 purchase_type=building purchase_id=building_2 old_val=4 new_val=5 gold_after=33 hero_level=77 total_dps=21736
simulation_active_6cps,32,0,0,294,3538,21736,0.00,event=purchase profile_id=active_6cps sim_time=40 purchase_type=partner purchase_id=partner_0 old_val=9 new_val=10 gold_after=33 hero_level=77 total_dps=21736
simulation_active_6cps,32,0,0,1176,3538,21736,0.00,event=purchase profile_id=active_6cps sim_time=40 purchase_type=partner_skill purchase_id=p0_s1 old_val=0 new_val=1 gold_after=33 hero_level=77 total_dps=21736
simulation_active_6cps,32,0,0,610,3538,21736,0.00,event=purchase profile_id=active_6cps sim_time=40 purchase_type=building purchase_id=building_3 old_val=1 new_val=2 gold_after=33 hero_level=77 total_dps=21736
simulation_active_6cps,32,0,0,610,3538,21736,0.00,event=purchase profile_id=active_6cps sim_time=40 purchase_type=building purchase_id=building_4 old_val=1 new_val=2 gold_after=33 hero_level=77 total_dps=21736
simulation_active_6cps,32,0,0,745,3538,21736,0.00,event=purchase profile_id=active_6cps sim_time=40 purchase_type=building purchase_id=building_3 old_val=2 new_val=3 gold_after=33 hero_level=77 total_dps=21736
simulation_active_6cps,32,0,0,1352,3571,22074,0.00,event=purchase profile_id=active_6cps sim_time=41 purchase_type=building purchase_id=building_2 old_val=5 new_val=6 gold_after=33 hero_level=77 total_dps=22074
simulation_active_6cps,32,0,0,745,3571,22074,0.00,event=purchase profile_id=active_6cps sim_time=41 purchase_type=building purchase_id=building_4 old_val=2 new_val=3 gold_after=33 hero_level=77 total_dps=22074
simulation_active_6cps,32,0,0,750,3571,22074,0.00,event=purchase profile_id=active_6cps sim_time=41 purchase_type=partner purchase_id=partner_3 old_val=0 new_val=1 gold_after=33 hero_level=77 total_dps=22074
simulation_active_6cps,32,0,0,908,3617,22374,0.00,event=purchase profile_id=active_6cps sim_time=42 purchase_type=building purchase_id=building_3 old_val=3 new_val=4 gold_after=43 hero_level=78 total_dps=22374
simulation_active_6cps,33,0,0,908,3663,22674,0.00,event=purchase profile_id=active_6cps sim_time=44 purchase_type=building purchase_id=building_4 old_val=3 new_val=4 gold_after=3 hero_level=79 total_dps=22674
simulation_active_6cps,33,0,0,1108,3709,22950,0.00,event=purchase profile_id=active_6cps sim_time=45 purchase_type=building purchase_id=building_3 old_val=4 new_val=5 gold_after=57 hero_level=80 total_dps=22950
simulation_active_6cps,33,0,0,1649,3744,23220,0.00,event=purchase profile_id=active_6cps sim_time=46 purchase_type=building purchase_id=building_2 old_val=6 new_val=7 gold_after=64 hero_level=80 total_dps=23220
simulation_active_6cps,33,0,0,1108,3744,23220,0.00,event=purchase profile_id=active_6cps sim_time=46 purchase_type=building purchase_id=building_4 old_val=4 new_val=5 gold_after=64 hero_level=80 total_dps=23220
simulation_active_6cps,34,0,0,3600,3790,23652,0.00,event=purchase profile_id=active_6cps sim_time=49 purchase_type=ability_skill purchase_id=gold_bonus_rank_2 old_val=0 new_val=1 gold_after=20 hero_level=81 total_dps=23652
simulation_active_6cps,34,0,0,1700,1684,11456,0.00,event=purchase profile_id=active_6cps sim_time=51 purchase_type=partner purchase_id=partner_4 old_val=0 new_val=1 gold_after=9 hero_level=81 total_dps=11456
simulation_active_6cps,34,0,0,244,1684,11620,0.00,event=purchase profile_id=active_6cps sim_time=52 purchase_type=partner purchase_id=partner_1 old_val=7 new_val=8 gold_after=26 hero_level=81 total_dps=11620
simulation_active_6cps,36,0,0,918,1684,13572,0.00,event=purchase profile_id=active_6cps sim_time=78 purchase_type=partner purchase_id=partner_1 old_val=9 new_val=10 gold_after=77 hero_level=81 total_dps=13572
simulation_active_6cps,36,0,0,3672,1684,13572,0.00,event=purchase profile_id=active_6cps sim_time=78 purchase_type=partner_skill purchase_id=p1_s1 old_val=0 new_val=1 gold_after=77 hero_level=81 total_dps=13572
simulation_active_6cps,36,0,0,383,1684,13572,0.00,event=purchase profile_id=active_6cps sim_time=78 purchase_type=partner purchase_id=partner_1 old_val=11 new_val=12 gold_after=77 hero_level=81 total_dps=13572
simulation_active_6cps,36,0,0,3800,1684,13572,0.00,event=purchase profile_id=active_6cps sim_time=78 purchase_type=partner purchase_id=partner_5 old_val=0 new_val=1 gold_after=77 hero_level=81 total_dps=13572
simulation_active_6cps,36,0,0,500,1684,13622,0.00,event=purchase profile_id=active_6cps sim_time=79 purchase_type=building purchase_id=building_0 old_val=0 new_val=1 gold_after=164 hero_level=81 total_dps=13622
simulation_active_6cps,36,0,0,610,1684,13853,0.00,event=purchase profile_id=active_6cps sim_time=84 purchase_type=building purchase_id=building_0 old_val=1 new_val=2 gold_after=24 hero_level=81 total_dps=13853
simulation_active_6cps,36,0,0,745,1684,13964,0.00,event=purchase profile_id=active_6cps sim_time=86 purchase_type=building purchase_id=building_0 old_val=2 new_val=3 gold_after=162 hero_level=81 total_dps=13964
simulation_active_6cps,36,0,0,908,1684,14139,0.00,event=purchase profile_id=active_6cps sim_time=91 purchase_type=building purchase_id=building_0 old_val=3 new_val=4 gold_after=171 hero_level=81 total_dps=14139
simulation_active_6cps,37,0,0,302,1684,14401,0.00,event=purchase profile_id=active_6cps sim_time=97 purchase_type=partner purchase_id=partner_0 old_val=19 new_val=20 gold_after=1 hero_level=81 total_dps=14401
simulation_active_6cps,37,0,0,500,1684,14580,0.00,event=purchase profile_id=active_6cps sim_time=101 purchase_type=building purchase_id=building_1 old_val=0 new_val=1 gold_after=28 hero_level=81 total_dps=14580
simulation_active_6cps,37,0,0,610,1684,14580,0.00,event=purchase profile_id=active_6cps sim_time=103 purchase_type=building purchase_id=building_1 old_val=1 new_val=2 gold_after=295 hero_level=81 total_dps=14580
simulation_active_6cps,37,0,0,1108,1684,14623,0.00,event=purchase profile_id=active_6cps sim_time=104 purchase_type=building purchase_id=building_0 old_val=4 new_val=5 gold_after=73 hero_level=81 total_dps=14623
simulation_active_6cps,37,0,0,745,1684,14623,0.00,event=purchase profile_id=active_6cps sim_time=106 purchase_type=building purchase_id=building_1 old_val=2 new_val=3 gold_after=214 hero_level=81 total_dps=14623
simulation_active_6cps,38,0,0,1062,1684,14698,0.00,event=purchase profile_id=active_6cps sim_time=107 purchase_type=partner purchase_id=partner_1 old_val=20 new_val=21 gold_after=47 hero_level=81 total_dps=14698
simulation_active_6cps,38,0,0,908,1684,14698,0.00,event=purchase profile_id=active_6cps sim_time=109 purchase_type=building purchase_id=building_1 old_val=3 new_val=4 gold_after=136 hero_level=81 total_dps=14698
simulation_active_6cps,38,0,0,500,1684,14698,0.00,event=purchase profile_id=active_6cps sim_time=111 purchase_type=building purchase_id=building_5 old_val=0 new_val=1 gold_after=32 hero_level=81 total_dps=14698
simulation_active_6cps,38,0,0,610,1684,14698,0.00,event=purchase profile_id=active_6cps sim_time=111 purchase_type=building purchase_id=building_5 old_val=1 new_val=2 gold_after=32 hero_level=81 total_dps=14698
simulation_active_6cps,38,0,0,745,1684,14698,0.00,event=purchase profile_id=active_6cps sim_time=113 purchase_type=building purchase_id=building_5 old_val=2 new_val=3 gold_after=293 hero_level=81 total_dps=14698
simulation_active_6cps,38,0,0,1108,1684,14774,0.00,event=purchase profile_id=active_6cps sim_time=116 purchase_type=building purchase_id=building_1 old_val=4 new_val=5 gold_after=8 hero_level=81 total_dps=14774
simulation_active_6cps,38,0,0,2496,1684,64303,0.00,event=purchase profile_id=active_6cps sim_time=118 purchase_type=partner purchase_id=partner_2 old_val=9 new_val=10 gold_after=560 hero_level=81 total_dps=64303
simulation_active_6cps,39,0,0,1596,1684,64992,0.00,event=purchase profile_id=active_6cps sim_time=119 purchase_type=partner purchase_id=partner_0 old_val=24 new_val=25 gold_after=154 hero_level=81 total_dps=64992
simulation_active_6cps,39,0,0,1044,1684,64992,0.00,event=purchase profile_id=active_6cps sim_time=119 purchase_type=partner purchase_id=partner_2 old_val=11 new_val=12 gold_after=154 hero_level=81 total_dps=64992
simulation_active_6cps,39,0,0,1352,1684,65307,0.00,event=purchase profile_id=active_6cps sim_time=120 purchase_type=building purchase_id=building_3 old_val=5 new_val=6 gold_after=71 hero_level=81 total_dps=65307
simulation_active_6cps,40,0,0,1352,1684,65689,0.00,event=purchase profile_id=active_6cps sim_time=123 purchase_type=building purchase_id=building_1 old_val=5 new_val=6 gold_after=222 hero_level=81 total_dps=65689
simulation_active_6cps,40,0,0,1649,1684,65689,0.00,event=purchase profile_id=active_6cps sim_time=123 purchase_type=building purchase_id=building_1 old_val=6 new_val=7 gold_after=222 hero_level=81 total_dps=65689
simulation_active_6cps,40,708900,18060,667,1684,65689,10.79,profile_id=active_6cps sim_time=123 hero=81 gold=222 click_damage=1684 manual_dps=10104 partner_dps=6749 ability_dps=48836 total_dps=65689 prestige_rwd=0 total_hero_purchases=80 total_partner_purchases=71 total_building_purchases=33 total_ability_purchases=3 total_skill_purchases=10 last_purchase=partner#partner_0 ability_events=none
simulation_active_6cps,41,0,0,15000,1684,66395,0.00,event=purchase profile_id=active_6cps sim_time=134 purchase_type=ability purchase_id=rally old_val=0 new_val=1 gold_after=122 hero_level=81 total_dps=66395
simulation_active_6cps,41,0,0,747,1684,66395,0.00,event=purchase profile_id=active_6cps sim_time=134 purchase_type=partner purchase_id=partner_0 old_val=27 new_val=28 gold_after=122 hero_level=81 total_dps=66395
simulation_active_6cps,41,0,0,1352,1684,66499,0.00,event=purchase profile_id=active_6cps sim_time=135 purchase_type=building purchase_id=building_4 old_val=5 new_val=6 gold_after=54 hero_level=81 total_dps=66499
simulation_active_6cps,41,0,0,1352,1684,66499,0.00,event=purchase profile_id=active_6cps sim_time=135 purchase_type=building purchase_id=building_0 old_val=5 new_val=6 gold_after=54 hero_level=81 total_dps=66499
simulation_active_6cps,41,0,0,1649,1684,18015,0.00,event=purchase profile_id=active_6cps sim_time=138 purchase_type=building purchase_id=building_3 old_val=6 new_val=7 gold_after=88 hero_level=81 total_dps=18015
simulation_active_6cps,41,0,0,1649,1684,18015,0.00,event=purchase profile_id=active_6cps sim_time=138 purchase_type=building purchase_id=building_4 old_val=6 new_val=7 gold_after=88 hero_level=81 total_dps=18015
simulation_active_6cps,41,0,0,1049,1684,18325,0.00,event=purchase profile_id=active_6cps sim_time=144 purchase_type=partner purchase_id=partner_0 old_val=30 new_val=31 gold_after=20 hero_level=81 total_dps=18325
simulation_active_6cps,41,0,0,1649,1684,18402,0.00,event=purchase profile_id=active_6cps sim_time=147 purchase_type=building purchase_id=building_0 old_val=6 new_val=7 gold_after=107 hero_level=81 total_dps=18402
simulation_active_6cps,42,0,0,2012,1700,18648,0.00,event=purchase profile_id=active_6cps sim_time=153 purchase_type=building purchase_id=building_2 old_val=7 new_val=8 gold_after=286 hero_level=81 total_dps=18648
simulation_active_6cps,42,0,0,2012,1700,18648,0.00,event=purchase profile_id=active_6cps sim_time=156 purchase_type=building purchase_id=building_3 old_val=7 new_val=8 gold_after=210 hero_level=81 total_dps=18648
simulation_active_6cps,42,0,0,2012,1700,18648,0.00,event=purchase profile_id=active_6cps sim_time=159 purchase_type=building purchase_id=building_4 old_val=7 new_val=8 gold_after=134 hero_level=81 total_dps=18648
simulation_active_6cps,42,0,0,2012,1721,18983,0.00,event=purchase profile_id=active_6cps sim_time=169 purchase_type=building purchase_id=building_0 old_val=7 new_val=8 gold_after=260 hero_level=82 total_dps=18983
simulation_active_6cps,42,0,0,2454,1737,19230,0.00,event=purchase profile_id=active_6cps sim_time=175 purchase_type=building purchase_id=building_2 old_val=8 new_val=9 gold_after=19 hero_level=82 total_dps=19230
simulation_active_6cps,43,0,0,2454,1778,20016,0.00,event=purchase profile_id=active_6cps sim_time=199 purchase_type=building purchase_id=building_3 old_val=8 new_val=9 gold_after=93 hero_level=84 total_dps=20016
simulation_active_6cps,43,0,0,1332,1778,72109,0.00,event=purchase profile_id=active_6cps sim_time=204 purchase_type=partner purchase_id=partner_1 old_val=22 new_val=23 gold_after=164 hero_level=84 total_dps=72109
simulation_active_6cps,44,0,0,908,1778,72433,0.00,event=purchase profile_id=active_6cps sim_time=206 purchase_type=building purchase_id=building_5 old_val=3 new_val=4 gold_after=206 hero_level=84 total_dps=72433
simulation_active_6cps,44,0,0,2454,1778,72433,0.00,event=purchase profile_id=active_6cps sim_time=207 purchase_type=building purchase_id=building_4 old_val=8 new_val=9 gold_after=156 hero_level=84 total_dps=72433
simulation_active_6cps,44,0,0,2454,1778,72528,0.00,event=purchase profile_id=active_6cps sim_time=208 purchase_type=building purchase_id=building_0 old_val=8 new_val=9 gold_after=106 hero_level=84 total_dps=72528
simulation_active_6cps,44,0,0,1108,1778,72737,0.00,event=purchase profile_id=active_6cps sim_time=210 purchase_type=building purchase_id=building_5 old_val=4 new_val=5 gold_after=8 hero_level=84 total_dps=72737
simulation_active_6cps,44,0,0,2994,1981,79877,0.00,event=purchase profile_id=active_6cps sim_time=214 purchase_type=building purchase_id=building_2 old_val=9 new_val=10 gold_after=78 hero_level=85 total_dps=79877
simulation_active_6cps,44,0,0,5010,1981,82109,0.00,event=purchase profile_id=active_6cps sim_time=216 purchase_type=partner purchase_id=partner_1 old_val=24 new_val=25 gold_after=295 hero_level=85 total_dps=82109
simulation_active_6cps,46,0,0,15000,6201,79455,0.00,event=purchase profile_id=active_6cps sim_time=227 purchase_type=ability_skill purchase_id=rally_rank_1 old_val=0 new_val=1 gold_after=240 hero_level=86 total_dps=79455
simulation_active_6cps,46,0,0,9984,6201,79455,0.00,event=purchase profile_id=active_6cps sim_time=227 purchase_type=partner_skill purchase_id=p2_s1 old_val=0 new_val=1 gold_after=240 hero_level=86 total_dps=79455
simulation_active_6cps,46,0,0,9576,6201,79455,0.00,event=purchase profile_id=active_6cps sim_time=227 purchase_type=partner_skill purchase_id=p0_s2 old_val=0 new_val=1 gold_after=240 hero_level=86 total_dps=79455
simulation_active_6cps,46,0,0,30060,6201,79455,0.00,event=purchase profile_id=active_6cps sim_time=227 purchase_type=partner_skill purchase_id=p1_s2 old_val=0 new_val=1 gold_after=240 hero_level=86 total_dps=79455
simulation_active_6cps,46,0,0,6666,6201,79455,0.00,event=purchase profile_id=active_6cps sim_time=227 purchase_type=hero_skill purchase_id=hero_gold_1 old_val=0 new_val=1 gold_after=240 hero_level=86 total_dps=79455
simulation_active_6cps,46,0,0,6240,6201,79455,0.00,event=purchase profile_id=active_6cps sim_time=227 purchase_type=partner purchase_id=partner_3 old_val=9 new_val=10 gold_after=240 hero_level=86 total_dps=79455
simulation_active_6cps,46,0,0,24960,6201,79455,0.00,event=purchase profile_id=active_6cps sim_time=227 purchase_type=partner_skill purchase_id=p3_s1 old_val=0 new_val=1 gold_after=240 hero_level=86 total_dps=79455
simulation_active_6cps,46,0,0,2994,6201,79455,0.00,event=purchase profile_id=active_6cps sim_time=227 purchase_type=building purchase_id=building_0 old_val=9 new_val=10 gold_after=240 hero_level=86 total_dps=79455
simulation_active_6cps,46,0,0,2994,6201,79455,0.00,event=purchase profile_id=active_6cps sim_time=227 purchase_type=building purchase_id=building_3 old_val=9 new_val=10 gold_after=240 hero_level=86 total_dps=79455
simulation_active_6cps,46,0,0,2994,6272,80585,0.00,event=purchase profile_id=active_6cps sim_time=229 purchase_type=building purchase_id=building_4 old_val=9 new_val=10 gold_after=1257 hero_level=87 total_dps=80585
simulation_active_6cps,46,0,0,3653,6272,80585,0.00,event=purchase profile_id=active_6cps sim_time=229 purchase_type=building purchase_id=building_0 old_val=10 new_val=11 gold_after=1257 hero_level=87 total_dps=80585
simulation_active_6cps,46,0,0,4456,2787,60379,0.00,event=purchase profile_id=active_6cps sim_time=230 purchase_type=building purchase_id=building_0 old_val=11 new_val=12 gold_after=627 hero_level=87 total_dps=60379
simulation_active_6cps,46,0,0,3653,2787,60379,0.00,event=purchase profile_id=active_6cps sim_time=230 purchase_type=building purchase_id=building_3 old_val=10 new_val=11 gold_after=627 hero_level=87 total_dps=60379
simulation_active_6cps,46,0,0,3653,2787,60379,0.00,event=purchase profile_id=active_6cps sim_time=230 purchase_type=building purchase_id=building_4 old_val=10 new_val=11 gold_after=627 hero_level=87 total_dps=60379
simulation_active_6cps,46,0,0,5437,2787,61084,0.00,event=purchase profile_id=active_6cps sim_time=233 purchase_type=building purchase_id=building_0 old_val=12 new_val=13 gold_after=514 hero_level=87 total_dps=61084
simulation_active_6cps,46,0,0,4456,2787,61084,0.00,event=purchase profile_id=active_6cps sim_time=233 purchase_type=building purchase_id=building_3 old_val=11 new_val=12 gold_after=514 hero_level=87 total_dps=61084
simulation_active_6cps,46,0,0,1352,2787,61084,0.00,event=purchase profile_id=active_6cps sim_time=233 purchase_type=building purchase_id=building_5 old_val=5 new_val=6 gold_after=514 hero_level=87 total_dps=61084
simulation_active_6cps,46,0,0,8500,2787,65733,0.00,event=purchase profile_id=active_6cps sim_time=235 purchase_type=partner purchase_id=partner_6 old_val=0 new_val=1 gold_after=816 hero_level=87 total_dps=65733
simulation_active_6cps,46,0,0,6633,2787,66511,0.00,event=purchase profile_id=active_6cps sim_time=237 purchase_type=building purchase_id=building_0 old_val=13 new_val=14 gold_after=859 hero_level=87 total_dps=66511
simulation_active_6cps,46,0,0,4456,2787,66511,0.00,event=purchase profile_id=active_6cps sim_time=237 purchase_type=building purchase_id=building_4 old_val=11 new_val=12 gold_after=859 hero_level=87 total_dps=66511
simulation_active_6cps,46,0,0,5339,2787,42475,0.00,event=purchase profile_id=active_6cps sim_time=242 purchase_type=partner purchase_id=partner_5 old_val=3 new_val=4 gold_after=1402 hero_level=87 total_dps=42475
simulation_active_6cps,46,0,0,2012,2787,44615,0.00,event=purchase profile_id=active_6cps sim_time=248 purchase_type=building purchase_id=building_1 old_val=7 new_val=8 gold_after=229 hero_level=87 total_dps=44615
simulation_active_6cps,47,0,0,1649,2819,45985,0.00,event=purchase profile_id=active_6cps sim_time=258 purchase_type=building purchase_id=building_5 old_val=6 new_val=7 gold_after=453 hero_level=88 total_dps=45985
simulation_active_6cps,47,0,0,3653,2898,46705,0.00,event=purchase profile_id=active_6cps sim_time=265 purchase_type=building purchase_id=building_2 old_val=10 new_val=11 gold_after=435 hero_level=89 total_dps=46705
simulation_active_6cps,47,0,0,5437,2930,46897,0.00,event=purchase profile_id=active_6cps sim_time=272 purchase_type=building purchase_id=building_3 old_val=12 new_val=13 gold_after=656 hero_level=90 total_dps=46897
simulation_active_6cps,47,0,0,5437,2930,46897,0.00,event=purchase profile_id=active_6cps sim_time=275 purchase_type=building purchase_id=building_4 old_val=12 new_val=13 gold_after=232 hero_level=90 total_dps=46897
simulation_active_6cps,48,0,0,4456,3011,48207,0.00,event=purchase profile_id=active_6cps sim_time=289 purchase_type=building purchase_id=building_2 old_val=11 new_val=12 gold_after=1150 hero_level=91 total_dps=48207
simulation_active_6cps,48,0,0,2012,3044,137859,0.00,event=purchase profile_id=active_6cps sim_time=293 purchase_type=building purchase_id=building_5 old_val=7 new_val=8 gold_after=429 hero_level=92 total_dps=137859
simulation_active_6cps,48,0,0,4106,3077,140273,0.00,event=purchase profile_id=active_6cps sim_time=298 purchase_type=partner purchase_id=partner_3 old_val=15 new_val=16 gold_after=1660 hero_level=93 total_dps=140273
simulation_active_6cps,48,0,0,6633,3077,140273,0.00,event=purchase profile_id=active_6cps sim_time=299 purchase_type=building purchase_id=building_3 old_val=13 new_val=14 gold_after=610 hero_level=93 total_dps=140273
simulation_active_6cps,49,0,0,5437,3126,141988,0.00,event=purchase profile_id=active_6cps sim_time=300 purchase_type=building purchase_id=building_2 old_val=12 new_val=13 gold_after=756 hero_level=93 total_dps=141988
simulation_active_6cps,49,0,0,6633,3126,141988,0.00,event=purchase profile_id=active_6cps sim_time=302 purchase_type=building purchase_id=building_4 old_val=13 new_val=14 gold_after=350 hero_level=93 total_dps=141988
simulation_active_6cps,49,0,0,2454,3193,145168,0.00,event=purchase profile_id=active_6cps sim_time=308 purchase_type=building purchase_id=building_1 old_val=8 new_val=9 gold_after=8 hero_level=95 total_dps=145168
simulation_active_6cps,49,0,0,3296,3193,145413,0.00,event=purchase profile_id=active_6cps sim_time=309 purchase_type=partner purchase_id=partner_1 old_val=30 new_val=31 gold_after=2 hero_level=95 total_dps=145413
simulation_active_6cps,49,0,0,2994,3193,145413,0.00,event=purchase profile_id=active_6cps sim_time=309 purchase_type=building purchase_id=building_1 old_val=9 new_val=10 gold_after=2 hero_level=95 total_dps=145413
simulation_active_6cps,49,0,0,6633,3244,147198,0.00,event=purchase profile_id=active_6cps sim_time=311 purchase_type=building purchase_id=building_2 old_val=13 new_val=14 gold_after=288 hero_level=95 total_dps=147198
simulation_active_6cps,50,0,0,3653,3277,148830,0.00,event=purchase profile_id=active_6cps sim_time=315 purchase_type=building purchase_id=building_1 old_val=10 new_val=11 gold_after=1072 hero_level=96 total_dps=148830
simulation_active_6cps,50,0,0,2454,3277,148830,0.00,event=purchase profile_id=active_6cps sim_time=315 purchase_type=building purchase_id=building_5 old_val=8 new_val=9 gold_after=1072 hero_level=96 total_dps=148830
simulation_active_6cps,50,0,0,2454,3277,148830,0.00,event=last_purchase_before_boss_wall profile_id=active_6cps sim_time=315 purchase_type=building purchase_id=building_5 gold_after=1072 hero_level=96 total_dps=148830
simulation_summary_active_6cps,50,4929080,77100,0,3277,148830,314.98,profile_id=active_6cps reached_level=50 sim_time=315 hero=96 gold=1072 click=3277 manual_dps=19662 partner_dps=34135 ability_dps=95033 total_dps=148830 prestige_reward=1 total_hero_purchases=95 total_partner_purchases=126 total_building_purchases=76 total_ability_purchases=4 total_hero_skill_purchases=3 total_partner_skill_purchases=6 total_ability_skill_purchases=7 gold_spent_hero=94039 gold_spent_partners=212710 gold_spent_buildings=167367 gold_spent_abilities=21500 gold_spent_skills=114944 ability_events=use_autoclick:4|use_gold_bonus:2|gold_bonus_reward:77|use_focus_burst:2|use_rally:1 stopped_reason=boss_wall
simulation_boss_wall_active_6cps,50,4929080,77100,0,19662,148830,33.12,profile_id=active_6cps boss_level=50 boss_hp=4929080 boss_time_limit=30 boss_ttk=33.1 required_dps=164302 current_total_dps=148830 missing_dps=15472 missing_dps_percent=9.4 hero_level=96 gold=1072 partner_dps=34135 manual_dps=19662 ability_dps=95033
simulation_boss_wall_fix_active_6cps,50,4929080,0,0,19662,148830,33.12,profile_id=active_6cps required_dps=164302 current_total_dps=148830 missing_dps=15472 missing_dps_percent=9.4 boss_hp_multiplier_current=20 boss_hp_multiplier_to_pass=18.1 boss_timer_current=30 boss_timer_to_pass=33.1 early_partner_dps_multiplier_to_pass=1.45
simulation_partner_summary_active_6cps,1,0,0,2319,0,592,0.00,profile_id=active_6cps partner_name=Partner 1 owned_count=37 base_dps=4 milestone_multiplier=4 tier_total_dps=592 next_cost=2319 dps_share_percent=4.4
simulation_partner_summary_active_6cps,2,0,0,4134,0,3072,0.00,profile_id=active_6cps partner_name=Partner 2 owned_count=32 base_dps=12 milestone_multiplier=4 tier_total_dps=3072 next_cost=4134 dps_share_percent=23.0
simulation_partner_summary_active_6cps,3,0,0,3631,0,1980,0.00,profile_id=active_6cps partner_name=Partner 3 owned_count=22 base_dps=30 milestone_multiplier=2 tier_total_dps=1980 next_cost=3631 dps_share_percent=14.8
simulation_partner_summary_active_6cps,4,0,0,5150,0,2380,0.00,profile_id=active_6cps partner_name=Field Scout owned_count=17 base_dps=70 milestone_multiplier=2 tier_total_dps=2380 next_cost=5150 dps_share_percent=17.8
simulation_partner_summary_active_6cps,5,0,0,14145,0,1350,0.00,profile_id=active_6cps partner_name=Spear Guard owned_count=9 base_dps=150 milestone_multiplier=1 tier_total_dps=1350 next_cost=14145 dps_share_percent=10.1
simulation_partner_summary_active_6cps,6,0,0,7501,0,1920,0.00,profile_id=active_6cps partner_name=Iron Defender owned_count=6 base_dps=320 milestone_multiplier=1 tier_total_dps=1920 next_cost=7501 dps_share_percent=14.4
simulation_partner_summary_active_6cps,7,0,0,11942,0,2040,0.00,profile_id=active_6cps partner_name=Battle Monk owned_count=3 base_dps=680 milestone_multiplier=1 tier_total_dps=2040 next_cost=11942 dps_share_percent=15.3
simulation_building_summary_active_6cps,0,0,0,0,0,0,0.00,profile_id=active_6cps total_buildings=76
simulation_building_summary_active_6cps,1,0,0,8092,0,0,0.00,profile_id=active_6cps building_name=Training Camp owned_count=14 next_cost=8092 bonus_percent=28
simulation_building_summary_active_6cps,2,0,0,4456,0,0,0.00,profile_id=active_6cps building_name=Market owned_count=11 next_cost=4456 bonus_percent=22
simulation_building_summary_active_6cps,3,0,0,8092,0,0,0.00,profile_id=active_6cps building_name=Knight Hut owned_count=14 next_cost=8092 bonus_percent=28
simulation_building_summary_active_6cps,4,0,0,8092,0,0,0.00,profile_id=active_6cps building_name=War Banner owned_count=14 next_cost=8092 bonus_percent=28
simulation_building_summary_active_6cps,5,0,0,8092,0,0,0.00,profile_id=active_6cps building_name=Clock Tower owned_count=14 next_cost=8092 bonus_percent=28
simulation_building_summary_active_6cps,6,0,0,2994,0,0,0.00,profile_id=active_6cps building_name=Boss Shrine owned_count=9 next_cost=2994 bonus_percent=9
simulation_summary_active_6cps,5,0,0,0,0,0,15.59,profile_id=active_6cps time_to_level_5=16
simulation_summary_active_6cps,10,0,0,0,0,0,22.99,profile_id=active_6cps time_to_level_10=23
simulation_summary_active_6cps,15,0,0,0,0,0,25.76,profile_id=active_6cps time_to_level_15=26
simulation_summary_active_6cps,20,0,0,0,0,0,28.50,profile_id=active_6cps time_to_level_20=29
simulation_summary_active_6cps,25,0,0,0,0,0,32.02,profile_id=active_6cps time_to_level_25=32
simulation_summary_active_6cps,30,0,0,0,0,0,37.39,profile_id=active_6cps time_to_level_30=37
simulation_summary_active_6cps,0,0,0,0,0,0,314.98,profile_id=active_6cps first_prestige_available_time=315 first_prestige_reward=1
simulation_active_no_abilities,1,54,20,0,2,12,4.50,profile_id=active_no_abilities sim_time=0 hero=1 gold=0 click_damage=2 manual_dps=12 partner_dps=0 ability_dps=0 total_dps=12 prestige_rwd=0 total_hero_purchases=0 total_partner_purchases=0 total_building_purchases=0 total_ability_purchases=0 total_skill_purchases=0 last_purchase=none ability_events=none
simulation_active_no_abilities,2,0,0,30,22,132,0.00,event=purchase profile_id=active_no_abilities sim_time=11 purchase_type=hero purchase_id=hero_level old_val=9 new_val=10 gold_after=5 hero_level=10 total_dps=132
simulation_active_no_abilities,3,0,0,10,28,168,0.00,event=purchase profile_id=active_no_abilities sim_time=12 purchase_type=hero purchase_id=hero_level old_val=10 new_val=11 gold_after=2 hero_level=13 total_dps=168
simulation_active_no_abilities,5,680,105,18,38,228,2.98,profile_id=active_no_abilities sim_time=15 hero=18 gold=21 click_damage=38 manual_dps=228 partner_dps=0 ability_dps=0 total_dps=228 prestige_rwd=0 total_hero_purchases=17 total_partner_purchases=0 total_building_purchases=0 total_ability_purchases=0 total_skill_purchases=0 last_purchase=hero#hero_level ability_events=none
simulation_active_no_abilities,6,0,0,120,76,456,0.00,event=purchase profile_id=active_no_abilities sim_time=18 purchase_type=hero_skill purchase_id=hero_click_damage_1 old_val=0 new_val=1 gold_after=6 hero_level=18 total_dps=456
simulation_active_no_abilities,6,0,0,20,92,552,0.00,event=purchase profile_id=active_no_abilities sim_time=19 purchase_type=hero purchase_id=hero_level old_val=19 new_val=20 gold_after=11 hero_level=22 total_dps=552
simulation_active_no_abilities,7,0,0,35,100,604,0.00,event=purchase profile_id=active_no_abilities sim_time=20 purchase_type=partner purchase_id=partner_0 old_val=0 new_val=1 gold_after=20 hero_level=24 total_dps=604
simulation_active_no_abilities,8,0,0,90,216,1300,0.00,event=purchase profile_id=active_no_abilities sim_time=21 purchase_type=hero purchase_id=hero_level old_val=24 new_val=25 gold_after=4 hero_level=26 total_dps=1300
simulation_active_no_abilities,10,2020,225,32,216,1300,1.55,profile_id=active_no_abilities sim_time=22 hero=26 gold=170 click_damage=216 manual_dps=1296 partner_dps=4 ability_dps=0 total_dps=1300 prestige_rwd=0 total_hero_purchases=25 total_partner_purchases=1 total_building_purchases=0 total_ability_purchases=0 total_skill_purchases=1 last_purchase=hero#hero_level ability_events=none
simulation_active_no_abilities,11,0,0,40,280,1684,0.00,event=purchase profile_id=active_no_abilities sim_time=23 purchase_type=hero purchase_id=hero_level old_val=28 new_val=29 gold_after=27 hero_level=34 total_dps=1684
simulation_active_no_abilities,13,0,0,80,320,1932,0.00,event=purchase profile_id=active_no_abilities sim_time=25 purchase_type=hero purchase_id=hero_level old_val=37 new_val=38 gold_after=45 hero_level=39 total_dps=1932
simulation_active_no_abilities,15,5820,495,56,352,2132,2.73,profile_id=active_no_abilities sim_time=28 hero=43 gold=41 click_damage=352 manual_dps=2112 partner_dps=20 ability_dps=0 total_dps=2132 prestige_rwd=0 total_hero_purchases=42 total_partner_purchases=5 total_building_purchases=0 total_ability_purchases=0 total_skill_purchases=1 last_purchase=partner#partner_0 ability_events=none
simulation_active_no_abilities,16,0,0,137,376,2288,0.00,event=purchase profile_id=active_no_abilities sim_time=30 purchase_type=hero purchase_id=hero_level old_val=44 new_val=45 gold_after=14 hero_level=46 total_dps=2288
simulation_active_no_abilities,16,0,0,110,376,2288,0.00,event=purchase profile_id=active_no_abilities sim_time=30 purchase_type=partner purchase_id=partner_1 old_val=0 new_val=1 gold_after=14 hero_level=46 total_dps=2288
simulation_active_no_abilities,18,0,0,155,400,2476,0.00,event=purchase profile_id=active_no_abilities sim_time=35 purchase_type=partner purchase_id=partner_1 old_val=3 new_val=4 gold_after=41 hero_level=49 total_dps=2476
simulation_active_no_abilities,18,0,0,300,400,2506,0.00,event=purchase profile_id=active_no_abilities sim_time=36 purchase_type=partner purchase_id=partner_2 old_val=0 new_val=1 gold_after=31 hero_level=49 total_dps=2506
simulation_active_no_abilities,20,16400,1065,87,400,2550,6.43,profile_id=active_no_abilities sim_time=40 hero=49 gold=94 click_damage=400 manual_dps=2400 partner_dps=150 ability_dps=0 total_dps=2550 prestige_rwd=0 total_hero_purchases=48 total_partner_purchases=17 total_building_purchases=0 total_ability_purchases=0 total_skill_purchases=1 last_purchase=partner#partner_0 ability_events=none
simulation_active_no_abilities,21,0,0,606,848,5238,0.00,event=purchase profile_id=active_no_abilities sim_time=46 purchase_type=hero purchase_id=hero_level old_val=49 new_val=50 gold_after=100 hero_level=52 total_dps=5238
simulation_active_no_abilities,21,0,0,254,880,5430,0.00,event=purchase profile_id=active_no_abilities sim_time=47 purchase_type=hero purchase_id=hero_level old_val=52 new_val=53 gold_after=77 hero_level=54 total_dps=5430
simulation_active_no_abilities,24,0,0,630,960,6108,0.00,event=purchase profile_id=active_no_abilities sim_time=54 purchase_type=hero_skill purchase_id=hero_partner_dps_1 old_val=0 new_val=1 gold_after=59 hero_level=59 total_dps=6108
simulation_active_no_abilities,24,0,0,435,976,6204,0.00,event=purchase profile_id=active_no_abilities sim_time=55 purchase_type=hero purchase_id=hero_level old_val=59 new_val=60 gold_after=176 hero_level=60 total_dps=6204
simulation_active_no_abilities,25,45060,2310,469,992,6300,7.15,profile_id=active_no_abilities sim_time=57 hero=61 gold=535 click_damage=992 manual_dps=5952 partner_dps=348 ability_dps=0 total_dps=6300 prestige_rwd=0 total_hero_purchases=60 total_partner_purchases=19 total_building_purchases=0 total_ability_purchases=0 total_skill_purchases=2 last_purchase=hero#hero_level ability_events=none
simulation_active_no_abilities,26,0,0,294,1056,6804,0.00,event=purchase profile_id=active_no_abilities sim_time=64 purchase_type=partner purchase_id=partner_0 old_val=9 new_val=10 gold_after=37 hero_level=65 total_dps=6804
simulation_active_no_abilities,26,0,0,500,1066,6864,0.00,event=purchase profile_id=active_no_abilities sim_time=65 purchase_type=building purchase_id=building_2 old_val=0 new_val=1 gold_after=107 hero_level=65 total_dps=6864
simulation_active_no_abilities,26,0,0,610,1077,6930,0.00,event=purchase profile_id=active_no_abilities sim_time=67 purchase_type=building purchase_id=building_2 old_val=1 new_val=2 gold_after=67 hero_level=65 total_dps=6930
simulation_active_no_abilities,27,0,0,500,1093,7194,0.00,event=purchase profile_id=active_no_abilities sim_time=72 purchase_type=building purchase_id=building_3 old_val=0 new_val=1 gold_after=150 hero_level=66 total_dps=7194
simulation_active_no_abilities,28,0,0,500,1109,7290,0.00,event=purchase profile_id=active_no_abilities sim_time=75 purchase_type=building purchase_id=building_4 old_val=0 new_val=1 gold_after=36 hero_level=67 total_dps=7290
simulation_active_no_abilities,28,0,0,422,1109,7350,0.00,event=purchase profile_id=active_no_abilities sim_time=76 purchase_type=partner purchase_id=partner_2 old_val=3 new_val=4 gold_after=86 hero_level=67 total_dps=7350
simulation_active_no_abilities,29,0,0,610,1109,7502,0.00,event=purchase profile_id=active_no_abilities sim_time=80 purchase_type=building purchase_id=building_3 old_val=1 new_val=2 gold_after=39 hero_level=67 total_dps=7502
simulation_active_no_abilities,30,108720,4380,804,1126,7652,14.21,profile_id=active_no_abilities sim_time=85 hero=68 gold=270 click_damage=1126 manual_dps=6756 partner_dps=896 ability_dps=0 total_dps=7652 prestige_rwd=0 total_hero_purchases=67 total_partner_purchases=35 total_building_purchases=5 total_ability_purchases=0 total_skill_purchases=2 last_purchase=hero#hero_level ability_events=none
simulation_active_no_abilities,31,0,0,1176,1404,9584,0.00,event=purchase profile_id=active_no_abilities sim_time=99 purchase_type=partner_skill purchase_id=p0_s1 old_val=0 new_val=1 gold_after=5 hero_level=70 total_dps=9584
simulation_active_no_abilities,31,0,0,918,1404,9584,0.00,event=purchase profile_id=active_no_abilities sim_time=99 purchase_type=partner purchase_id=partner_1 old_val=9 new_val=10 gold_after=5 hero_level=70 total_dps=9584
simulation_active_no_abilities,31,0,0,745,1404,9584,0.00,event=purchase profile_id=active_no_abilities sim_time=99 purchase_type=building purchase_id=building_2 old_val=2 new_val=3 gold_after=5 hero_level=70 total_dps=9584
simulation_active_no_abilities,31,0,0,750,1404,9724,0.00,event=purchase profile_id=active_no_abilities sim_time=101 purchase_type=partner purchase_id=partner_3 old_val=0 new_val=1 gold_after=11 hero_level=70 total_dps=9724
simulation_active_no_abilities,31,0,0,610,1404,9724,0.00,event=purchase profile_id=active_no_abilities sim_time=102 purchase_type=building purchase_id=building_4 old_val=1 new_val=2 gold_after=157 hero_level=70 total_dps=9724
simulation_active_no_abilities,31,0,0,908,1417,9802,0.00,event=purchase profile_id=active_no_abilities sim_time=104 purchase_type=building purchase_id=building_2 old_val=3 new_val=4 gold_after=5 hero_level=70 total_dps=9802
simulation_active_no_abilities,32,0,0,745,1417,9898,0.00,event=purchase profile_id=active_no_abilities sim_time=107 purchase_type=building purchase_id=building_3 old_val=2 new_val=3 gold_after=47 hero_level=70 total_dps=9898
simulation_active_no_abilities,32,0,0,745,1417,10038,0.00,event=purchase profile_id=active_no_abilities sim_time=110 purchase_type=building purchase_id=building_4 old_val=2 new_val=3 gold_after=149 hero_level=70 total_dps=10038
simulation_active_no_abilities,33,0,0,908,1417,10242,0.00,event=purchase profile_id=active_no_abilities sim_time=115 purchase_type=building purchase_id=building_3 old_val=3 new_val=4 gold_after=65 hero_level=70 total_dps=10242
simulation_active_no_abilities,33,0,0,908,1417,10242,0.00,event=purchase profile_id=active_no_abilities sim_time=117 purchase_type=building purchase_id=building_4 old_val=3 new_val=4 gold_after=101 hero_level=70 total_dps=10242
simulation_active_no_abilities,33,0,0,379,1437,10438,0.00,event=purchase profile_id=active_no_abilities sim_time=121 purchase_type=partner purchase_id=partner_0 old_val=21 new_val=22 gold_after=4 hero_level=71 total_dps=10438
simulation_active_no_abilities,34,0,0,500,1437,10690,0.00,event=purchase profile_id=active_no_abilities sim_time=128 purchase_type=building purchase_id=building_0 old_val=0 new_val=1 gold_after=121 hero_level=71 total_dps=10690
simulation_active_no_abilities,34,0,0,610,1437,10776,0.00,event=purchase profile_id=active_no_abilities sim_time=131 purchase_type=building purchase_id=building_0 old_val=1 new_val=2 gold_after=11 hero_level=71 total_dps=10776
simulation_active_no_abilities,34,0,0,500,1437,10776,0.00,event=purchase profile_id=active_no_abilities sim_time=132 purchase_type=building purchase_id=building_1 old_val=0 new_val=1 gold_after=37 hero_level=71 total_dps=10776
simulation_active_no_abilities,34,0,0,500,1437,10776,0.00,event=purchase profile_id=active_no_abilities sim_time=133 purchase_type=building purchase_id=building_5 old_val=0 new_val=1 gold_after=68 hero_level=71 total_dps=10776
simulation_active_no_abilities,35,0,0,610,1437,10776,0.00,event=purchase profile_id=active_no_abilities sim_time=136 purchase_type=building purchase_id=building_1 old_val=1 new_val=2 gold_after=520 hero_level=71 total_dps=10776
simulation_active_no_abilities,36,0,0,3672,1457,12458,0.00,event=purchase profile_id=active_no_abilities sim_time=161 purchase_type=partner_skill purchase_id=p1_s1 old_val=0 new_val=1 gold_after=10 hero_level=72 total_dps=12458
simulation_active_no_abilities,36,0,0,2496,1457,12458,0.00,event=purchase profile_id=active_no_abilities sim_time=161 purchase_type=partner purchase_id=partner_2 old_val=9 new_val=10 gold_after=10 hero_level=72 total_dps=12458
simulation_active_no_abilities,36,0,0,1596,1457,12458,0.00,event=purchase profile_id=active_no_abilities sim_time=161 purchase_type=partner purchase_id=partner_0 old_val=24 new_val=25 gold_after=10 hero_level=72 total_dps=12458
simulation_active_no_abilities,36,0,0,745,1457,12495,0.00,event=purchase profile_id=active_no_abilities sim_time=162 purchase_type=building purchase_id=building_0 old_val=2 new_val=3 gold_after=59 hero_level=72 total_dps=12495
simulation_active_no_abilities,36,0,0,846,1457,12643,0.00,event=purchase profile_id=active_no_abilities sim_time=166 purchase_type=partner purchase_id=partner_1 old_val=18 new_val=19 gold_after=45 hero_level=72 total_dps=12643
simulation_active_no_abilities,36,0,0,908,1457,12872,0.00,event=purchase profile_id=active_no_abilities sim_time=172 purchase_type=building purchase_id=building_0 old_val=3 new_val=4 gold_after=118 hero_level=72 total_dps=12872
simulation_active_no_abilities,37,0,0,745,1457,12981,0.00,event=purchase profile_id=active_no_abilities sim_time=176 purchase_type=building purchase_id=building_1 old_val=2 new_val=3 gold_after=60 hero_level=72 total_dps=12981
simulation_active_no_abilities,37,0,0,908,1457,13047,0.00,event=purchase profile_id=active_no_abilities sim_time=181 purchase_type=building purchase_id=building_1 old_val=3 new_val=4 gold_after=64 hero_level=72 total_dps=13047
simulation_active_no_abilities,37,0,0,610,1457,13047,0.00,event=purchase profile_id=active_no_abilities sim_time=183 purchase_type=building purchase_id=building_5 old_val=1 new_val=2 gold_after=357 hero_level=72 total_dps=13047
simulation_active_no_abilities,37,0,0,745,1477,13167,0.00,event=purchase profile_id=active_no_abilities sim_time=186 purchase_type=building purchase_id=building_5 old_val=2 new_val=3 gold_after=237 hero_level=73 total_dps=13167
simulation_active_no_abilities,37,0,0,1108,1491,13251,0.00,event=purchase profile_id=active_no_abilities sim_time=188 purchase_type=building purchase_id=building_2 old_val=4 new_val=5 gold_after=32 hero_level=73 total_dps=13251
simulation_active_no_abilities,37,0,0,908,1491,13251,0.00,event=purchase profile_id=active_no_abilities sim_time=190 purchase_type=building purchase_id=building_5 old_val=3 new_val=4 gold_after=27 hero_level=73 total_dps=13251
simulation_active_no_abilities,38,0,0,1108,1532,13643,0.00,event=purchase profile_id=active_no_abilities sim_time=199 purchase_type=building purchase_id=building_3 old_val=4 new_val=5 gold_after=37 hero_level=75 total_dps=13643
simulation_active_no_abilities,38,0,0,1700,1532,13955,0.00,event=purchase profile_id=active_no_abilities sim_time=203 purchase_type=partner purchase_id=partner_4 old_val=0 new_val=1 gold_after=349 hero_level=75 total_dps=13955
simulation_active_no_abilities,38,0,0,1352,1546,14039,0.00,event=purchase profile_id=active_no_abilities sim_time=205 purchase_type=building purchase_id=building_2 old_val=5 new_val=6 gold_after=3 hero_level=75 total_dps=14039
simulation_active_no_abilities,38,0,0,1108,1567,14165,0.00,event=purchase profile_id=active_no_abilities sim_time=210 purchase_type=building purchase_id=building_4 old_val=4 new_val=5 gold_after=425 hero_level=76 total_dps=14165
simulation_active_no_abilities,39,0,0,1352,1567,14435,0.00,event=purchase profile_id=active_no_abilities sim_time=216 purchase_type=building purchase_id=building_3 old_val=5 new_val=6 gold_after=100 hero_level=76 total_dps=14435
simulation_active_no_abilities,39,0,0,1108,1567,14610,0.00,event=purchase profile_id=active_no_abilities sim_time=220 purchase_type=building purchase_id=building_0 old_val=4 new_val=5 gold_after=69 hero_level=76 total_dps=14610
simulation_active_no_abilities,39,0,0,1189,1567,14761,0.00,event=purchase profile_id=active_no_abilities sim_time=225 purchase_type=partner purchase_id=partner_1 old_val=21 new_val=22 gold_after=64 hero_level=76 total_dps=14761
simulation_active_no_abilities,39,0,0,1108,1567,14828,0.00,event=purchase profile_id=active_no_abilities sim_time=231 purchase_type=building purchase_id=building_1 old_val=4 new_val=5 gold_after=101 hero_level=76 total_dps=14828
simulation_active_no_abilities,40,0,0,1108,1567,14828,0.00,event=purchase profile_id=active_no_abilities sim_time=233 purchase_type=building purchase_id=building_5 old_val=4 new_val=5 gold_after=127 hero_level=76 total_dps=14828
simulation_active_no_abilities,40,0,0,1108,1567,14828,0.00,event=last_purchase_before_boss_wall profile_id=active_no_abilities sim_time=233 purchase_type=building purchase_id=building_5 gold_after=127 hero_level=76 total_dps=14828
simulation_summary_active_no_abilities,40,708900,18060,0,1567,14828,232.84,profile_id=active_no_abilities reached_level=40 sim_time=233 hero=76 gold=127 click=1567 manual_dps=9402 partner_dps=5426 ability_dps=0 total_dps=14828 prestige_reward=0 total_hero_purchases=75 total_partner_purchases=73 total_building_purchases=32 total_ability_purchases=0 total_hero_skill_purchases=2 total_partner_skill_purchases=2 total_ability_skill_purchases=0 gold_spent_hero=20533 gold_spent_partners=39293 gold_spent_buildings=25930 gold_spent_abilities=0 gold_spent_skills=5598 ability_events=none stopped_reason=boss_wall
simulation_boss_wall_active_no_abilities,40,708900,18060,0,9402,14828,47.81,profile_id=active_no_abilities boss_level=40 boss_hp=708900 boss_time_limit=30 boss_ttk=47.8 required_dps=23630 current_total_dps=14828 missing_dps=8802 missing_dps_percent=37.2 hero_level=76 gold=127 partner_dps=5426 manual_dps=9402 ability_dps=0
simulation_boss_wall_fix_active_no_abilities,40,708900,0,0,9402,14828,47.81,profile_id=active_no_abilities required_dps=23630 current_total_dps=14828 missing_dps=8802 missing_dps_percent=37.2 boss_hp_multiplier_current=20 boss_hp_multiplier_to_pass=12.6 boss_timer_current=30 boss_timer_to_pass=47.8 early_partner_dps_multiplier_to_pass=2.62
simulation_partner_summary_active_no_abilities,1,0,0,1316,0,512,0.00,profile_id=active_no_abilities partner_name=Partner 1 owned_count=32 base_dps=4 milestone_multiplier=4 tier_total_dps=512 next_cost=1316 dps_share_percent=19.8
simulation_partner_summary_active_no_abilities,2,0,0,1332,0,792,0.00,profile_id=active_no_abilities partner_name=Partner 2 owned_count=22 base_dps=12 milestone_multiplier=2 tier_total_dps=792 next_cost=1332 dps_share_percent=30.7
simulation_partner_summary_active_no_abilities,3,0,0,1310,0,780,0.00,profile_id=active_no_abilities partner_name=Partner 3 owned_count=13 base_dps=30 milestone_multiplier=2 tier_total_dps=780 next_cost=1310 dps_share_percent=30.2
simulation_partner_summary_active_no_abilities,4,0,0,1322,0,350,0.00,profile_id=active_no_abilities partner_name=Field Scout owned_count=5 base_dps=70 milestone_multiplier=1 tier_total_dps=350 next_cost=1322 dps_share_percent=13.5
simulation_partner_summary_active_no_abilities,5,0,0,1905,0,150,0.00,profile_id=active_no_abilities partner_name=Spear Guard owned_count=1 base_dps=150 milestone_multiplier=1 tier_total_dps=150 next_cost=1905 dps_share_percent=5.8
simulation_building_summary_active_no_abilities,0,0,0,0,0,0,0.00,profile_id=active_no_abilities total_buildings=32
simulation_building_summary_active_no_abilities,1,0,0,1352,0,0,0.00,profile_id=active_no_abilities building_name=Training Camp owned_count=5 next_cost=1352 bonus_percent=5
simulation_building_summary_active_no_abilities,2,0,0,1352,0,0,0.00,profile_id=active_no_abilities building_name=Market owned_count=5 next_cost=1352 bonus_percent=5
simulation_building_summary_active_no_abilities,3,0,0,1649,0,0,0.00,profile_id=active_no_abilities building_name=Knight Hut owned_count=6 next_cost=1649 bonus_percent=6
simulation_building_summary_active_no_abilities,4,0,0,1649,0,0,0.00,profile_id=active_no_abilities building_name=War Banner owned_count=6 next_cost=1649 bonus_percent=6
simulation_building_summary_active_no_abilities,5,0,0,1352,0,0,0.00,profile_id=active_no_abilities building_name=Clock Tower owned_count=5 next_cost=1352 bonus_percent=5
simulation_building_summary_active_no_abilities,6,0,0,1352,0,0,0.00,profile_id=active_no_abilities building_name=Boss Shrine owned_count=5 next_cost=1352 bonus_percent=5
simulation_summary_active_no_abilities,5,0,0,0,0,0,14.67,profile_id=active_no_abilities time_to_level_5=15
simulation_summary_active_no_abilities,10,0,0,0,0,0,21.70,profile_id=active_no_abilities time_to_level_10=22
simulation_summary_active_no_abilities,15,0,0,0,0,0,27.56,profile_id=active_no_abilities time_to_level_15=28
simulation_summary_active_no_abilities,20,0,0,0,0,0,39.61,profile_id=active_no_abilities time_to_level_20=40
simulation_summary_active_no_abilities,25,0,0,0,0,0,56.83,profile_id=active_no_abilities time_to_level_25=57
simulation_summary_active_no_abilities,30,0,0,0,0,0,84.75,profile_id=active_no_abilities time_to_level_30=85
simulation_summary_active_no_abilities,0,0,0,0,0,0,0.00,profile_id=active_no_abilities first_prestige_available_time=not_reached first_prestige_reward=0
simulation_semi_active_3cps,1,18,4,0,2,6,3.00,profile_id=semi_active_3cps sim_time=0 hero=1 gold=0 click_damage=2 manual_dps=6 partner_dps=0 ability_dps=0 total_dps=6 prestige_rwd=0 total_hero_purchases=0 total_partner_purchases=0 total_building_purchases=0 total_ability_purchases=0 total_skill_purchases=0 last_purchase=none ability_events=none
simulation_semi_active_3cps,3,0,0,30,22,66,0.00,event=purchase profile_id=semi_active_3cps sim_time=23 purchase_type=hero purchase_id=hero_level old_val=9 new_val=10 gold_after=4 hero_level=10 total_dps=66
simulation_semi_active_3cps,3,0,0,10,24,72,0.00,event=purchase profile_id=semi_active_3cps sim_time=25 purchase_type=hero purchase_id=hero_level old_val=10 new_val=11 gold_after=9 hero_level=11 total_dps=72
simulation_semi_active_3cps,5,680,105,16,36,108,6.30,profile_id=semi_active_3cps sim_time=30 hero=17 gold=23 click_damage=36 manual_dps=108 partner_dps=0 ability_dps=0 total_dps=108 prestige_rwd=0 total_hero_purchases=16 total_partner_purchases=0 total_building_purchases=0 total_ability_purchases=0 total_skill_purchases=0 last_purchase=hero#hero_level ability_events=none
simulation_semi_active_3cps,6,0,0,120,72,216,0.00,event=purchase profile_id=semi_active_3cps sim_time=36 purchase_type=hero_skill purchase_id=hero_click_damage_1 old_val=0 new_val=1 gold_after=8 hero_level=17 total_dps=216
simulation_semi_active_3cps,6,0,0,20,88,264,0.00,event=purchase profile_id=semi_active_3cps sim_time=38 purchase_type=hero purchase_id=hero_level old_val=19 new_val=20 gold_after=19 hero_level=21 total_dps=264
simulation_semi_active_3cps,7,0,0,35,100,304,0.00,event=purchase profile_id=semi_active_3cps sim_time=41 purchase_type=partner purchase_id=partner_0 old_val=0 new_val=1 gold_after=15 hero_level=24 total_dps=304
simulation_semi_active_3cps,8,0,0,90,208,632,0.00,event=purchase profile_id=semi_active_3cps sim_time=43 purchase_type=hero purchase_id=hero_level old_val=24 new_val=25 gold_after=4 hero_level=25 total_dps=632
simulation_semi_active_3cps,9,0,0,37,232,704,0.00,event=purchase profile_id=semi_active_3cps sim_time=44 purchase_type=hero purchase_id=hero_level old_val=27 new_val=28 gold_after=3 hero_level=28 total_dps=704
simulation_semi_active_3cps,10,2020,225,37,232,704,2.87,profile_id=semi_active_3cps sim_time=44 hero=28 gold=42 click_damage=232 manual_dps=696 partner_dps=8 ability_dps=0 total_dps=704 prestige_rwd=0 total_hero_purchases=27 total_partner_purchases=2 total_building_purchases=0 total_ability_purchases=0 total_skill_purchases=1 last_purchase=hero#hero_level ability_events=none
simulation_semi_active_3cps,12,0,0,80,312,948,0.00,event=purchase profile_id=semi_active_3cps sim_time=51 purchase_type=hero purchase_id=hero_level old_val=37 new_val=38 gold_after=18 hero_level=38 total_dps=948
simulation_semi_active_3cps,15,5820,495,109,344,1052,5.53,profile_id=semi_active_3cps sim_time=56 hero=42 gold=143 click_damage=344 manual_dps=1032 partner_dps=20 ability_dps=0 total_dps=1052 prestige_rwd=0 total_hero_purchases=41 total_partner_purchases=5 total_building_purchases=0 total_ability_purchases=0 total_skill_purchases=1 last_purchase=hero#hero_level ability_events=none
simulation_semi_active_3cps,16,0,0,300,344,1052,0.00,event=purchase profile_id=semi_active_3cps sim_time=61 purchase_type=ability purchase_id=autoclick old_val=0 new_val=1 gold_after=38 hero_level=42 total_dps=1052
simulation_semi_active_3cps,16,0,0,300,344,1052,0.00,event=purchase profile_id=semi_active_3cps sim_time=61 purchase_type=ability_skill purchase_id=autoclick_rank_1 old_val=0 new_val=1 gold_after=38 hero_level=42 total_dps=1052
simulation_semi_active_3cps,17,0,0,900,344,10000,0.00,event=purchase profile_id=semi_active_3cps sim_time=62 purchase_type=ability_skill purchase_id=autoclick_rank_2 old_val=0 new_val=1 gold_after=5 hero_level=42 total_dps=10000
simulation_semi_active_3cps,20,16400,1065,70,392,11396,1.44,profile_id=semi_active_3cps sim_time=64 hero=48 gold=343 click_damage=392 manual_dps=1176 partner_dps=28 ability_dps=10192 total_dps=11396 prestige_rwd=0 total_hero_purchases=47 total_partner_purchases=7 total_building_purchases=0 total_ability_purchases=1 total_skill_purchases=3 last_purchase=partner#partner_0 ability_events=none
simulation_semi_active_3cps,21,0,0,606,848,24632,0.00,event=purchase profile_id=semi_active_3cps sim_time=65 purchase_type=hero purchase_id=hero_level old_val=49 new_val=50 gold_after=52 hero_level=52 total_dps=24632
simulation_semi_active_3cps,21,0,0,110,848,24632,0.00,event=purchase profile_id=semi_active_3cps sim_time=65 purchase_type=partner purchase_id=partner_1 old_val=0 new_val=1 gold_after=52 hero_level=52 total_dps=24632
simulation_semi_active_3cps,22,0,0,124,944,27432,0.00,event=purchase profile_id=semi_active_3cps sim_time=66 purchase_type=partner purchase_id=partner_1 old_val=1 new_val=2 gold_after=6 hero_level=58 total_dps=27432
simulation_semi_active_3cps,24,0,0,1200,976,28360,0.00,event=purchase profile_id=semi_active_3cps sim_time=67 purchase_type=ability purchase_id=gold_bonus old_val=0 new_val=1 gold_after=11 hero_level=60 total_dps=28360
simulation_semi_active_3cps,25,45060,2310,435,976,28360,1.59,profile_id=semi_active_3cps sim_time=67 hero=60 gold=1391 click_damage=976 manual_dps=2928 partner_dps=56 ability_dps=25376 total_dps=28360 prestige_rwd=0 total_hero_purchases=59 total_partner_purchases=10 total_building_purchases=0 total_ability_purchases=2 total_skill_purchases=3 last_purchase=hero#hero_level ability_events=none
simulation_semi_active_3cps,26,0,0,2100,1024,32972,0.00,event=purchase profile_id=semi_active_3cps sim_time=69 purchase_type=ability_skill purchase_id=autoclick_rank_3 old_val=0 new_val=1 gold_after=33 hero_level=63 total_dps=32972
simulation_semi_active_3cps,26,0,0,1200,1024,32972,0.00,event=purchase profile_id=semi_active_3cps sim_time=69 purchase_type=ability_skill purchase_id=gold_bonus_rank_1 old_val=0 new_val=1 gold_after=33 hero_level=63 total_dps=32972
simulation_semi_active_3cps,26,0,0,630,1024,32972,0.00,event=purchase profile_id=semi_active_3cps sim_time=69 purchase_type=hero_skill purchase_id=hero_partner_dps_1 old_val=0 new_val=1 gold_after=33 hero_level=63 total_dps=32972
simulation_semi_active_3cps,26,0,0,547,1024,32972,0.00,event=purchase profile_id=semi_active_3cps sim_time=69 purchase_type=hero purchase_id=hero_level old_val=62 new_val=63 gold_after=33 hero_level=63 total_dps=32972
simulation_semi_active_3cps,26,0,0,300,1024,32972,0.00,event=purchase profile_id=semi_active_3cps sim_time=69 purchase_type=partner purchase_id=partner_2 old_val=0 new_val=1 gold_after=33 hero_level=63 total_dps=32972
simulation_semi_active_3cps,27,0,0,5000,1024,32996,0.00,event=purchase profile_id=semi_active_3cps sim_time=70 purchase_type=ability purchase_id=focus_burst old_val=0 new_val=1 gold_after=96 hero_level=63 total_dps=32996
simulation_semi_active_3cps,28,0,0,294,1267,41240,0.00,event=purchase profile_id=semi_active_3cps sim_time=71 purchase_type=partner purchase_id=partner_0 old_val=9 new_val=10 gold_after=40 hero_level=65 total_dps=41240
simulation_semi_active_3cps,28,0,0,1176,1267,41240,0.00,event=purchase profile_id=semi_active_3cps sim_time=71 purchase_type=partner_skill purchase_id=p0_s1 old_val=0 new_val=1 gold_after=40 hero_level=65 total_dps=41240
simulation_semi_active_3cps,28,0,0,750,1267,41240,0.00,event=purchase profile_id=semi_active_3cps sim_time=71 purchase_type=partner purchase_id=partner_3 old_val=0 new_val=1 gold_after=40 hero_level=65 total_dps=41240
simulation_semi_active_3cps,28,0,0,638,1267,41240,0.00,event=purchase profile_id=semi_active_3cps sim_time=71 purchase_type=hero purchase_id=hero_level old_val=64 new_val=65 gold_after=40 hero_level=65 total_dps=41240
simulation_semi_active_3cps,29,0,0,5000,1267,41300,0.00,event=purchase profile_id=semi_active_3cps sim_time=72 purchase_type=ability_skill purchase_id=focus_burst_rank_1 old_val=0 new_val=1 gold_after=99 hero_level=65 total_dps=41300
simulation_semi_active_3cps,30,108720,4380,377,2851,91988,1.18,profile_id=semi_active_3cps sim_time=73 hero=65 gold=4851 click_damage=2851 manual_dps=8553 partner_dps=756 ability_dps=82679 total_dps=91988 prestige_rwd=0 total_hero_purchases=64 total_partner_purchases=21 total_building_purchases=0 total_ability_purchases=3 total_skill_purchases=8 last_purchase=partner#partner_2 ability_events=use_focus_burst
simulation_semi_active_3cps,31,0,0,500,3414,110044,0.00,event=purchase profile_id=semi_active_3cps sim_time=74 purchase_type=building purchase_id=building_2 old_val=0 new_val=1 gold_after=34 hero_level=75 total_dps=110044
simulation_semi_active_3cps,31,0,0,804,3414,110044,0.00,event=purchase profile_id=semi_active_3cps sim_time=74 purchase_type=hero purchase_id=hero_level old_val=67 new_val=68 gold_after=34 hero_level=75 total_dps=110044
simulation_semi_active_3cps,31,0,0,610,3414,110044,0.00,event=purchase profile_id=semi_active_3cps sim_time=74 purchase_type=building purchase_id=building_2 old_val=1 new_val=2 gold_after=34 hero_level=75 total_dps=110044
simulation_semi_active_3cps,31,0,0,745,3414,110044,0.00,event=purchase profile_id=semi_active_3cps sim_time=74 purchase_type=building purchase_id=building_2 old_val=2 new_val=3 gold_after=34 hero_level=75 total_dps=110044
simulation_semi_active_3cps,31,0,0,908,3414,110044,0.00,event=purchase profile_id=semi_active_3cps sim_time=74 purchase_type=building purchase_id=building_2 old_val=3 new_val=4 gold_after=34 hero_level=75 total_dps=110044
simulation_semi_active_3cps,31,0,0,500,3414,110044,0.00,event=purchase profile_id=semi_active_3cps sim_time=74 purchase_type=building purchase_id=building_3 old_val=0 new_val=1 gold_after=34 hero_level=75 total_dps=110044
simulation_semi_active_3cps,31,0,0,500,3414,110044,0.00,event=purchase profile_id=semi_active_3cps sim_time=74 purchase_type=building purchase_id=building_4 old_val=0 new_val=1 gold_after=34 hero_level=75 total_dps=110044
simulation_semi_active_3cps,31,0,0,610,3414,110044,0.00,event=purchase profile_id=semi_active_3cps sim_time=74 purchase_type=building purchase_id=building_3 old_val=1 new_val=2 gold_after=34 hero_level=75 total_dps=110044
simulation_semi_active_3cps,32,0,0,3600,3538,114672,0.00,event=purchase profile_id=semi_active_3cps sim_time=75 purchase_type=ability_skill purchase_id=gold_bonus_rank_2 old_val=0 new_val=1 gold_after=94 hero_level=77 total_dps=114672
simulation_semi_active_3cps,32,0,0,1108,3538,114672,0.00,event=purchase profile_id=semi_active_3cps sim_time=75 purchase_type=building purchase_id=building_2 old_val=4 new_val=5 gold_after=94 hero_level=77 total_dps=114672
simulation_semi_active_3cps,32,0,0,610,3538,114672,0.00,event=purchase profile_id=semi_active_3cps sim_time=75 purchase_type=building purchase_id=building_4 old_val=1 new_val=2 gold_after=94 hero_level=77 total_dps=114672
simulation_semi_active_3cps,32,0,0,1700,3538,114672,0.00,event=purchase profile_id=semi_active_3cps sim_time=75 purchase_type=partner purchase_id=partner_4 old_val=0 new_val=1 gold_after=94 hero_level=77 total_dps=114672
simulation_semi_active_3cps,32,0,0,745,3538,114672,0.00,event=purchase profile_id=semi_active_3cps sim_time=75 purchase_type=building purchase_id=building_3 old_val=2 new_val=3 gold_after=94 hero_level=77 total_dps=114672
simulation_semi_active_3cps,33,0,0,3800,3571,117768,0.00,event=purchase profile_id=semi_active_3cps sim_time=76 purchase_type=partner purchase_id=partner_5 old_val=0 new_val=1 gold_after=57 hero_level=77 total_dps=117768
simulation_semi_active_3cps,33,0,0,745,3571,117768,0.00,event=purchase profile_id=semi_active_3cps sim_time=76 purchase_type=building purchase_id=building_4 old_val=2 new_val=3 gold_after=57 hero_level=77 total_dps=117768
simulation_semi_active_3cps,33,0,0,8500,3571,117768,0.00,event=purchase profile_id=semi_active_3cps sim_time=76 purchase_type=partner purchase_id=partner_6 old_val=0 new_val=1 gold_after=57 hero_level=77 total_dps=117768
simulation_semi_active_3cps,33,0,0,1352,3571,117768,0.00,event=purchase profile_id=semi_active_3cps sim_time=76 purchase_type=building purchase_id=building_2 old_val=5 new_val=6 gold_after=57 hero_level=77 total_dps=117768
simulation_semi_active_3cps,33,0,0,218,3571,117768,0.00,event=purchase profile_id=semi_active_3cps sim_time=76 purchase_type=partner purchase_id=partner_1 old_val=6 new_val=7 gold_after=57 hero_level=77 total_dps=117768
simulation_semi_active_3cps,34,0,0,908,3663,121916,0.00,event=purchase profile_id=semi_active_3cps sim_time=78 purchase_type=building purchase_id=building_3 old_val=3 new_val=4 gold_after=62 hero_level=79 total_dps=121916
simulation_semi_active_3cps,34,0,0,908,3663,121916,0.00,event=purchase profile_id=semi_active_3cps sim_time=78 purchase_type=building purchase_id=building_4 old_val=3 new_val=4 gold_after=62 hero_level=79 total_dps=121916
simulation_semi_active_3cps,34,0,0,500,3663,121916,0.00,event=purchase profile_id=semi_active_3cps sim_time=78 purchase_type=building purchase_id=building_0 old_val=0 new_val=1 gold_after=62 hero_level=79 total_dps=121916
simulation_semi_active_3cps,34,0,0,610,3663,121916,0.00,event=purchase profile_id=semi_active_3cps sim_time=78 purchase_type=building purchase_id=building_0 old_val=1 new_val=2 gold_after=62 hero_level=79 total_dps=121916
simulation_semi_active_3cps,34,0,0,153,3663,121916,0.00,event=purchase profile_id=semi_active_3cps sim_time=78 purchase_type=partner purchase_id=partner_0 old_val=13 new_val=14 gold_after=62 hero_level=79 total_dps=121916
simulation_semi_active_3cps,36,0,0,19000,3663,18822,0.00,event=purchase profile_id=semi_active_3cps sim_time=80 purchase_type=partner purchase_id=partner_7 old_val=0 new_val=1 gold_after=164 hero_level=79 total_dps=18822
simulation_semi_active_3cps,36,0,0,745,3663,18822,0.00,event=purchase profile_id=semi_active_3cps sim_time=80 purchase_type=building purchase_id=building_0 old_val=2 new_val=3 gold_after=164 hero_level=79 total_dps=18822
simulation_semi_active_3cps,36,0,0,908,3663,18822,0.00,event=purchase profile_id=semi_active_3cps sim_time=80 purchase_type=building purchase_id=building_0 old_val=3 new_val=4 gold_after=164 hero_level=79 total_dps=18822
simulation_semi_active_3cps,36,0,0,1108,3663,18822,0.00,event=purchase profile_id=semi_active_3cps sim_time=80 purchase_type=building purchase_id=building_3 old_val=4 new_val=5 gold_after=164 hero_level=79 total_dps=18822
simulation_semi_active_3cps,36,0,0,1108,3663,18822,0.00,event=purchase profile_id=semi_active_3cps sim_time=80 purchase_type=building purchase_id=building_4 old_val=4 new_val=5 gold_after=164 hero_level=79 total_dps=18822
simulation_semi_active_3cps,36,0,0,1108,3663,19023,0.00,event=purchase profile_id=semi_active_3cps sim_time=81 purchase_type=building purchase_id=building_0 old_val=4 new_val=5 gold_after=1 hero_level=79 total_dps=19023
simulation_semi_active_3cps,36,0,0,529,3663,19023,0.00,event=purchase profile_id=semi_active_3cps sim_time=81 purchase_type=partner purchase_id=partner_2 old_val=5 new_val=6 gold_after=1 hero_level=79 total_dps=19023
simulation_semi_active_3cps,36,0,0,1352,3663,19086,0.00,event=purchase profile_id=semi_active_3cps sim_time=82 purchase_type=building purchase_id=building_3 old_val=5 new_val=6 gold_after=3 hero_level=79 total_dps=19086
simulation_semi_active_3cps,36,0,0,1352,3663,19128,0.00,event=purchase profile_id=semi_active_3cps sim_time=83 purchase_type=building purchase_id=building_4 old_val=5 new_val=6 gold_after=133 hero_level=79 total_dps=19128
simulation_semi_active_3cps,36,0,0,918,3663,19557,0.00,event=purchase profile_id=semi_active_3cps sim_time=84 purchase_type=partner purchase_id=partner_1 old_val=9 new_val=10 gold_after=8 hero_level=79 total_dps=19557
simulation_semi_active_3cps,36,0,0,3672,1628,13796,0.00,event=purchase profile_id=semi_active_3cps sim_time=86 purchase_type=partner_skill purchase_id=p1_s1 old_val=0 new_val=1 gold_after=15 hero_level=79 total_dps=13796
simulation_semi_active_3cps,36,0,0,1352,1628,14203,0.00,event=purchase profile_id=semi_active_3cps sim_time=89 purchase_type=building purchase_id=building_0 old_val=5 new_val=6 gold_after=20 hero_level=79 total_dps=14203
simulation_semi_active_3cps,37,0,0,1181,1628,14640,0.00,event=purchase profile_id=semi_active_3cps sim_time=91 purchase_type=partner purchase_id=partner_3 old_val=4 new_val=5 gold_after=259 hero_level=79 total_dps=14640
simulation_semi_active_3cps,37,0,0,1649,1628,15070,0.00,event=purchase profile_id=semi_active_3cps sim_time=94 purchase_type=building purchase_id=building_0 old_val=6 new_val=7 gold_after=295 hero_level=79 total_dps=15070
simulation_semi_active_3cps,37,0,0,338,1628,15489,0.00,event=purchase profile_id=semi_active_3cps sim_time=100 purchase_type=partner purchase_id=partner_0 old_val=20 new_val=21 gold_after=196 hero_level=79 total_dps=15489
simulation_semi_active_3cps,38,0,0,500,1628,15678,0.00,event=purchase profile_id=semi_active_3cps sim_time=106 purchase_type=building purchase_id=building_1 old_val=0 new_val=1 gold_after=22 hero_level=79 total_dps=15678
simulation_semi_active_3cps,38,0,0,610,1628,15678,0.00,event=purchase profile_id=semi_active_3cps sim_time=108 purchase_type=building purchase_id=building_1 old_val=1 new_val=2 gold_after=389 hero_level=79 total_dps=15678
simulation_semi_active_3cps,38,0,0,745,1628,15755,0.00,event=purchase profile_id=semi_active_3cps sim_time=111 purchase_type=building purchase_id=building_1 old_val=2 new_val=3 gold_after=286 hero_level=79 total_dps=15755
simulation_semi_active_3cps,38,0,0,908,1628,15755,0.00,event=purchase profile_id=semi_active_3cps sim_time=113 purchase_type=building purchase_id=building_1 old_val=3 new_val=4 gold_after=375 hero_level=79 total_dps=15755
simulation_semi_active_3cps,38,0,0,500,1628,15755,0.00,event=purchase profile_id=semi_active_3cps sim_time=114 purchase_type=building purchase_id=building_5 old_val=0 new_val=1 gold_after=271 hero_level=79 total_dps=15755
simulation_semi_active_3cps,38,0,0,610,1628,15755,0.00,event=purchase profile_id=semi_active_3cps sim_time=114 purchase_type=building purchase_id=building_5 old_val=1 new_val=2 gold_after=271 hero_level=79 total_dps=15755
simulation_semi_active_3cps,38,0,0,1108,1628,15755,0.00,event=purchase profile_id=semi_active_3cps sim_time=116 purchase_type=building purchase_id=building_1 old_val=4 new_val=5 gold_after=169 hero_level=79 total_dps=15755
simulation_semi_active_3cps,38,0,0,745,1628,15755,0.00,event=purchase profile_id=semi_active_3cps sim_time=118 purchase_type=building purchase_id=building_5 old_val=2 new_val=3 gold_after=440 hero_level=79 total_dps=15755
simulation_semi_active_3cps,38,0,0,1352,1628,15755,0.00,event=purchase profile_id=semi_active_3cps sim_time=119 purchase_type=building purchase_id=building_1 old_val=5 new_val=6 gold_after=104 hero_level=79 total_dps=15755
simulation_semi_active_3cps,38,0,0,908,1628,15755,0.00,event=purchase profile_id=semi_active_3cps sim_time=121 purchase_type=building purchase_id=building_5 old_val=3 new_val=4 gold_after=222 hero_level=79 total_dps=15755
simulation_semi_active_3cps,39,0,0,1108,1628,15755,0.00,event=purchase profile_id=semi_active_3cps sim_time=123 purchase_type=building purchase_id=building_5 old_val=4 new_val=5 gold_after=140 hero_level=79 total_dps=15755
simulation_semi_active_3cps,39,0,0,1596,1628,16234,0.00,event=purchase profile_id=semi_active_3cps sim_time=126 purchase_type=partner purchase_id=partner_0 old_val=24 new_val=25 gold_after=236 hero_level=79 total_dps=16234
simulation_semi_active_3cps,39,0,0,667,1628,16268,0.00,event=purchase profile_id=semi_active_3cps sim_time=128 purchase_type=partner purchase_id=partner_0 old_val=26 new_val=27 gold_after=713 hero_level=79 total_dps=16268
simulation_semi_active_3cps,39,0,0,1649,1628,16268,0.00,event=purchase profile_id=semi_active_3cps sim_time=130 purchase_type=building purchase_id=building_3 old_val=6 new_val=7 gold_after=208 hero_level=79 total_dps=16268
simulation_semi_active_3cps,39,0,0,1649,1628,16303,0.00,event=purchase profile_id=semi_active_3cps sim_time=134 purchase_type=building purchase_id=building_4 old_val=6 new_val=7 gold_after=100 hero_level=79 total_dps=16303
simulation_semi_active_3cps,40,0,0,1352,1628,16521,0.00,event=purchase profile_id=semi_active_3cps sim_time=141 purchase_type=building purchase_id=building_5 old_val=5 new_val=6 gold_after=70 hero_level=79 total_dps=16521
simulation_semi_active_3cps,40,0,0,1352,1628,16521,0.00,event=last_purchase_before_boss_wall profile_id=semi_active_3cps sim_time=141 purchase_type=building purchase_id=building_5 gold_after=70 hero_level=79 total_dps=16521
simulation_summary_semi_active_3cps,40,708900,18060,0,1628,16521,141.34,profile_id=semi_active_3cps reached_level=40 sim_time=141 hero=79 gold=70 click=1628 manual_dps=4884 partner_dps=11637 ability_dps=0 total_dps=16521 prestige_reward=0 total_hero_purchases=78 total_partner_purchases=77 total_building_purchases=39 total_ability_purchases=3 total_hero_skill_purchases=2 total_partner_skill_purchases=2 total_ability_skill_purchases=6 gold_spent_hero=25749 gold_spent_partners=77546 gold_spent_buildings=36285 gold_spent_abilities=6500 gold_spent_skills=18698 ability_events=use_autoclick:1|use_gold_bonus:1|gold_bonus_reward:98|use_focus_burst:1 stopped_reason=boss_wall
simulation_boss_wall_semi_active_3cps,40,708900,18060,0,4884,16521,42.91,profile_id=semi_active_3cps boss_level=40 boss_hp=708900 boss_time_limit=30 boss_ttk=42.9 required_dps=23630 current_total_dps=16521 missing_dps=7109 missing_dps_percent=30.1 hero_level=79 gold=70 partner_dps=11637 manual_dps=4884 ability_dps=0
simulation_boss_wall_fix_semi_active_3cps,40,708900,0,0,4884,16521,42.91,profile_id=semi_active_3cps required_dps=23630 current_total_dps=16521 missing_dps=7109 missing_dps_percent=30.1 boss_hp_multiplier_current=20 boss_hp_multiplier_to_pass=14.0 boss_timer_current=30 boss_timer_to_pass=42.9 early_partner_dps_multiplier_to_pass=1.61
simulation_partner_summary_semi_active_3cps,1,0,0,1049,0,480,0.00,profile_id=semi_active_3cps partner_name=Partner 1 owned_count=30 base_dps=4 milestone_multiplier=4 tier_total_dps=480 next_cost=1049 dps_share_percent=8.8
simulation_partner_summary_semi_active_3cps,2,0,0,1491,0,828,0.00,profile_id=semi_active_3cps partner_name=Partner 2 owned_count=23 base_dps=12 milestone_multiplier=2 tier_total_dps=828 next_cost=1491 dps_share_percent=15.2
simulation_partner_summary_semi_active_3cps,3,0,0,2496,0,270,0.00,profile_id=semi_active_3cps partner_name=Partner 3 owned_count=9 base_dps=30 milestone_multiplier=1 tier_total_dps=270 next_cost=2496 dps_share_percent=5.0
simulation_partner_summary_semi_active_3cps,4,0,0,1659,0,490,0.00,profile_id=semi_active_3cps partner_name=Field Scout owned_count=7 base_dps=70 milestone_multiplier=1 tier_total_dps=490 next_cost=1659 dps_share_percent=9.0
simulation_partner_summary_semi_active_3cps,5,0,0,2675,0,600,0.00,profile_id=semi_active_3cps partner_name=Spear Guard owned_count=4 base_dps=150 milestone_multiplier=1 tier_total_dps=600 next_cost=2675 dps_share_percent=11.0
simulation_partner_summary_semi_active_3cps,6,0,0,4767,0,640,0.00,profile_id=semi_active_3cps partner_name=Iron Defender owned_count=2 base_dps=320 milestone_multiplier=1 tier_total_dps=640 next_cost=4767 dps_share_percent=11.8
simulation_partner_summary_semi_active_3cps,7,0,0,9520,0,680,0.00,profile_id=semi_active_3cps partner_name=Battle Monk owned_count=1 base_dps=680 milestone_multiplier=1 tier_total_dps=680 next_cost=9520 dps_share_percent=12.5
simulation_partner_summary_semi_active_3cps,8,0,0,21281,0,1450,0.00,profile_id=semi_active_3cps partner_name=Elite Samurai owned_count=1 base_dps=1450 milestone_multiplier=1 tier_total_dps=1450 next_cost=21281 dps_share_percent=26.7
simulation_building_summary_semi_active_3cps,0,0,0,0,0,0,0.00,profile_id=semi_active_3cps total_buildings=39
simulation_building_summary_semi_active_3cps,1,0,0,2012,0,0,0.00,profile_id=semi_active_3cps building_name=Training Camp owned_count=7 next_cost=2012 bonus_percent=7
simulation_building_summary_semi_active_3cps,2,0,0,1649,0,0,0.00,profile_id=semi_active_3cps building_name=Market owned_count=6 next_cost=1649 bonus_percent=6
simulation_building_summary_semi_active_3cps,3,0,0,1649,0,0,0.00,profile_id=semi_active_3cps building_name=Knight Hut owned_count=6 next_cost=1649 bonus_percent=6
simulation_building_summary_semi_active_3cps,4,0,0,2012,0,0,0.00,profile_id=semi_active_3cps building_name=War Banner owned_count=7 next_cost=2012 bonus_percent=7
simulation_building_summary_semi_active_3cps,5,0,0,2012,0,0,0.00,profile_id=semi_active_3cps building_name=Clock Tower owned_count=7 next_cost=2012 bonus_percent=7
simulation_building_summary_semi_active_3cps,6,0,0,1649,0,0,0.00,profile_id=semi_active_3cps building_name=Boss Shrine owned_count=6 next_cost=1649 bonus_percent=6
simulation_summary_semi_active_3cps,5,0,0,0,0,0,29.75,profile_id=semi_active_3cps time_to_level_5=30
simulation_summary_semi_active_3cps,10,0,0,0,0,0,44.41,profile_id=semi_active_3cps time_to_level_10=44
simulation_summary_semi_active_3cps,15,0,0,0,0,0,55.80,profile_id=semi_active_3cps time_to_level_15=56
simulation_summary_semi_active_3cps,20,0,0,0,0,0,63.67,profile_id=semi_active_3cps time_to_level_20=64
simulation_summary_semi_active_3cps,25,0,0,0,0,0,67.48,profile_id=semi_active_3cps time_to_level_25=67
simulation_summary_semi_active_3cps,30,0,0,0,0,0,73.16,profile_id=semi_active_3cps time_to_level_30=73
simulation_summary_semi_active_3cps,0,0,0,0,0,0,0.00,profile_id=semi_active_3cps first_prestige_available_time=not_reached first_prestige_reward=0
simulation_summary_idle_0cps,1,18,4,0,2,0,0.00,profile_id=idle_0cps reached_level=1 sim_time=0 hero=1 gold=0 click=2 manual_dps=0 partner_dps=0 ability_dps=0 total_dps=0 prestige_reward=0 total_hero_purchases=0 total_partner_purchases=0 total_building_purchases=0 total_ability_purchases=0 total_hero_skill_purchases=0 total_partner_skill_purchases=0 total_ability_skill_purchases=0 gold_spent_hero=0 gold_spent_partners=0 gold_spent_buildings=0 gold_spent_abilities=0 gold_spent_skills=0 ability_events=none stopped_reason=no_damage
simulation_partner_summary_idle_0cps,0,0,0,0,0,0,0.00,profile_id=idle_0cps no_partners_purchased
simulation_building_summary_idle_0cps,0,0,0,0,0,0,0.00,profile_id=idle_0cps total_buildings=0
simulation_building_summary_idle_0cps,0,0,0,0,0,0,0.00,profile_id=idle_0cps no_buildings_purchased
simulation_summary_idle_0cps,5,0,0,0,0,0,0.00,profile_id=idle_0cps time_to_level_5=not_reached
simulation_summary_idle_0cps,10,0,0,0,0,0,0.00,profile_id=idle_0cps time_to_level_10=not_reached
simulation_summary_idle_0cps,15,0,0,0,0,0,0.00,profile_id=idle_0cps time_to_level_15=not_reached
simulation_summary_idle_0cps,20,0,0,0,0,0,0.00,profile_id=idle_0cps time_to_level_20=not_reached
simulation_summary_idle_0cps,25,0,0,0,0,0,0.00,profile_id=idle_0cps time_to_level_25=not_reached
simulation_summary_idle_0cps,30,0,0,0,0,0,0.00,profile_id=idle_0cps time_to_level_30=not_reached
simulation_summary_idle_0cps,0,0,0,0,0,0,0.00,profile_id=idle_0cps first_prestige_available_time=not_reached first_prestige_reward=0
simulation_profile_comparison,50,4929080,77100,0,3277,148830,314.98,profile_id=active_6cps cps=6.0 abilities=true buildings=true skills=true boss_wall_level=50 stopped_reason=boss_wall first_prestige_reward=1
simulation_profile_comparison,40,708900,18060,0,1567,14828,232.84,profile_id=active_no_abilities cps=6.0 abilities=false buildings=true skills=true boss_wall_level=40 stopped_reason=boss_wall first_prestige_reward=0
simulation_profile_comparison,40,708900,18060,0,1628,16521,141.34,profile_id=semi_active_3cps cps=3.0 abilities=true buildings=true skills=true boss_wall_level=40 stopped_reason=boss_wall first_prestige_reward=0
simulation_profile_comparison,1,18,4,0,2,0,0.00,profile_id=idle_0cps cps=0.0 abilities=true buildings=true skills=true boss_wall_level=-1 stopped_reason=no_damage first_prestige_reward=0
